name,noise_ratio,trials,exact_count,exact_rate,exact_ci95_low,exact_ci95_high,method,tpr_mean,tpr_sd,tpr_median,tpr_p90,e_inf_mean,e_inf_sd,e_inf_median,e_inf_p90,e2_mean,e2_sd,e2_median,e2_p90,runtime_mean,runtime_sd,runtime_median,runtime_p90,threshold_mean,threshold_sd,threshold_median,threshold_p90
KS,0.0,1,1,1.0,0.20654931437723745,1.0,filtered-wsindy,1.0,,1.0,1.0,8.183157038654798e-07,,8.183157038654798e-07,8.183157038654798e-07,5.546250562965566e-07,,5.546250562965566e-07,5.546250562965566e-07,0.01969287497922778,,0.01969287497922778,0.01969287497922778,0.0001,,0.0001,0.0001
KS,0.2,1,0,0.0,0.0,0.7934506856227626,filtered-wsindy,0.09090909090909091,,0.09090909090909091,0.09090909090909091,1.9997958542177816,,1.9997958542177816,1.9997958542177816,5.651618585470351,,5.651618585470351,5.651618585470351,0.035195291973650455,,0.035195291973650455,0.035195291973650455,0.12648552168552957,,0.12648552168552957,0.12648552168552957
KS,0.5,1,0,0.0,0.0,0.7934506856227626,filtered-wsindy,0.1111111111111111,,0.1111111111111111,0.1111111111111111,1.7663457019628699,,1.7663457019628699,1.7663457019628699,1.4520505633076801,,1.4520505633076801,1.4520505633076801,0.039299292024225,,0.039299292024225,0.039299292024225,0.18420699693267145,,0.18420699693267145,0.18420699693267145
KS,0.75,1,0,0.0,0.0,0.7934506856227626,filtered-wsindy,0.06896551724137931,,0.06896551724137931,0.06896551724137931,2.4314987391685356,,2.4314987391685356,2.4314987391685356,4.583325027060427,,4.583325027060427,4.583325027060427,0.03338674991391599,,0.03338674991391599,0.03338674991391599,0.02811768697974228,,0.02811768697974228,0.02811768697974228
KS,1.0,1,0,0.0,0.0,0.7934506856227626,filtered-wsindy,0.041666666666666664,,0.041666666666666664,0.041666666666666664,2.5710868275632635,,2.5710868275632635,2.5710868275632635,5.380379560592929,,5.380379560592929,5.380379560592929,0.04018354194704443,,0.04018354194704443,0.04018354194704443,0.040949150623804234,,0.040949150623804234,0.040949150623804234
NLS,0.0,1,1,1.0,0.20654931437723745,1.0,filtered-wsindy,1.0,,1.0,1.0,9.286156166243842e-08,,9.286156166243842e-08,9.286156166243842e-08,5.6048851123070555e-08,,5.6048851123070555e-08,5.6048851123070555e-08,0.07733420899603516,,0.07733420899603516,0.07733420899603516,0.0001,,0.0001,0.0001
NLS,0.2,1,0,0.0,0.0,0.7934506856227626,filtered-wsindy,0.6666666666666666,,0.6666666666666666,0.6666666666666666,0.19126214951844567,,0.19126214951844567,0.19126214951844567,0.15848436391593254,,0.15848436391593254,0.15848436391593254,0.5000672499882057,,0.5000672499882057,0.5000672499882057,0.023299518105153717,,0.023299518105153717,0.023299518105153717
NLS,0.5,1,0,0.0,0.0,0.7934506856227626,filtered-wsindy,0.09433962264150944,,0.09433962264150944,0.09433962264150944,2.474118198686299,,2.474118198686299,2.474118198686299,8.43033201796778,,8.43033201796778,8.43033201796778,0.9404206250328571,,0.9404206250328571,0.9404206250328571,0.033932217718953266,,0.033932217718953266,0.033932217718953266
NLS,0.75,1,0,0.0,0.0,0.7934506856227626,filtered-wsindy,0.1276595744680851,,0.1276595744680851,0.1276595744680851,2.936070260186621,,2.936070260186621,2.936070260186621,5.456416050911905,,5.456416050911905,5.456416050911905,0.9533674999838695,,0.9533674999838695,0.9533674999838695,0.033932217718953266,,0.033932217718953266,0.033932217718953266
NLS,1.0,1,0,0.0,0.0,0.7934506856227626,filtered-wsindy,0.13043478260869565,,0.13043478260869565,0.13043478260869565,3.575423881604239,,3.575423881604239,3.575423881604239,5.404961932740754,,5.404961932740754,5.404961932740754,0.8992416670080274,,0.8992416670080274,0.8992416670080274,0.040949150623804234,,0.040949150623804234,0.040949150623804234
RD,0.0,1,1,1.0,0.20654931437723745,1.0,filtered-wsindy,1.0,,1.0,1.0,4.454429880507149e-10,,4.454429880507149e-10,4.454429880507149e-10,1.790986410671676e-10,,1.790986410671676e-10,1.790986410671676e-10,10.702437832951546,,10.702437832951546,10.702437832951546,0.0001,,0.0001,0.0001
RD,0.2,1,1,1.0,0.20654931437723745,1.0,filtered-wsindy,1.0,,1.0,1.0,0.011665922299391784,,0.011665922299391784,0.011665922299391784,0.0067901954319876225,,0.0067901954319876225,0.0067901954319876225,11.704256667057052,,11.704256667057052,11.704256667057052,0.023299518105153717,,0.023299518105153717,0.023299518105153717
RD,0.5,1,1,1.0,0.20654931437723745,1.0,filtered-wsindy,1.0,,1.0,1.0,0.045764500753087356,,0.045764500753087356,0.045764500753087356,0.02421556064107028,,0.02421556064107028,0.02421556064107028,10.456895708106458,,10.456895708106458,10.456895708106458,0.07196856730011514,,0.07196856730011514,0.07196856730011514
RD,0.75,1,0,0.0,0.0,0.7934506856227626,filtered-wsindy,0.6363636363636364,,0.6363636363636364,0.6363636363636364,0.39621695007814095,,0.39621695007814095,0.39621695007814095,0.3062960585935947,,0.3062960585935947,0.3062960585935947,10.560194415971637,,10.560194415971637,10.560194415971637,0.033932217718953266,,0.033932217718953266,0.033932217718953266
RD,1.0,1,0,0.0,0.0,0.7934506856227626,filtered-wsindy,0.5,,0.5,0.5,0.5906454682598992,,0.5906454682598992,0.5906454682598992,0.840504925171225,,0.840504925171225,0.840504925171225,10.548517334042117,,10.548517334042117,10.548517334042117,0.02811768697974228,,0.02811768697974228,0.02811768697974228
IB,0.0,1,0,0.0,0.0,0.7934506856227626,filtered-wsindy,0.2,,0.2,0.2,0.25828302804425296,,0.25828302804425296,0.25828302804425296,2.889614431525399,,2.889614431525399,2.889614431525399,0.0208309170557186,,0.0208309170557186,0.0208309170557186,0.0035564803062231283,,0.0035564803062231283,0.0035564803062231283
IB,0.2,1,0,0.0,0.0,0.7934506856227626,filtered-wsindy,0.16666666666666666,,0.16666666666666666,0.16666666666666666,0.7074847760380827,,0.7074847760380827,0.7074847760380827,626.3358678441706,,626.3358678441706,626.3358678441706,0.020037541980855167,,0.020037541980855167,0.020037541980855167,0.0016768329368110067,,0.0016768329368110067,0.0016768329368110067
IB,0.5,1,0,0.0,0.0,0.7934506856227626,filtered-wsindy,0.14285714285714285,,0.14285714285714285,0.14285714285714285,0.2331162102200739,,0.2331162102200739,0.2331162102200739,25.553644857185212,,25.553644857185212,25.553644857185212,0.01956933399196714,,0.01956933399196714,0.01956933399196714,0.0011513953993264468,,0.0011513953993264468,0.0011513953993264468
IB,0.75,1,0,0.0,0.0,0.7934506856227626,filtered-wsindy,0.16666666666666666,,0.16666666666666666,0.16666666666666666,0.2531383272501754,,0.2531383272501754,0.2531383272501754,3.133191199760514,,3.133191199760514,3.133191199760514,0.020535291056148708,,0.020535291056148708,0.020535291056148708,0.0006551285568595509,,0.0006551285568595509,0.0006551285568595509
IB,1.0,1,0,0.0,0.0,0.7934506856227626,filtered-wsindy,0.16666666666666666,,0.16666666666666666,0.16666666666666666,0.22871611938473757,,0.22871611938473757,0.22871611938473757,7.609967565786427,,7.609967565786427,7.609967565786427,0.02068054093979299,,0.02068054093979299,0.02068054093979299,0.0016768329368110067,,0.0016768329368110067,0.0016768329368110067
KdV,0.0,1,1,1.0,0.20654931437723745,1.0,filtered-wsindy,1.0,,1.0,1.0,3.1351508145149865e-07,,3.1351508145149865e-07,3.1351508145149865e-07,2.843214872372543e-07,,2.843214872372543e-07,2.843214872372543e-07,0.060542625025846064,,0.060542625025846064,0.060542625025846064,0.0001,,0.0001,0.0001
KdV,0.2,1,0,0.0,0.0,0.7934506856227626,filtered-wsindy,0.5,,0.5,0.5,5.901968940907295,,5.901968940907295,5.901968940907295,5.307151376008063,,5.307151376008063,5.307151376008063,0.0669980839593336,,0.0669980839593336,0.0669980839593336,0.019306977288832496,,0.019306977288832496,0.019306977288832496
KdV,0.5,1,0,0.0,0.0,0.7934506856227626,filtered-wsindy,0.5,,0.5,0.5,5.889816781058713,,5.889816781058713,5.889816781058713,5.296287938329482,,5.296287938329482,5.296287938329482,0.06876524991821498,,0.06876524991821498,0.06876524991821498,0.019306977288832496,,0.019306977288832496,0.019306977288832496
KdV,0.75,1,0,0.0,0.0,0.7934506856227626,filtered-wsindy,0.3333333333333333,,0.3333333333333333,0.3333333333333333,6.13351950782411,,6.13351950782411,6.13351950782411,6.799844729487798,,6.799844729487798,6.799844729487798,0.0700192500371486,,0.0700192500371486,0.0700192500371486,0.009102981779915217,,0.009102981779915217,0.009102981779915217
KdV,1.0,1,0,0.0,0.0,0.7934506856227626,filtered-wsindy,0.6666666666666666,,0.6666666666666666,0.6666666666666666,7.229820969574923,,7.229820969574923,7.229820969574923,6.487554868540087,,6.487554868540087,6.487554868540087,0.06436254200525582,,0.06436254200525582,0.06436254200525582,0.019306977288832496,,0.019306977288832496,0.019306977288832496
NS,0.0,1,1,1.0,0.20654931437723745,1.0,filtered-wsindy,1.0,,1.0,1.0,0.005379523570391009,,0.005379523570391009,0.005379523570391009,0.0007894962302152729,,0.0007894962302152729,0.0007894962302152729,3.5339574579847977,,3.5339574579847977,3.5339574579847977,0.0007906043210907702,,0.0007906043210907702,0.0007906043210907702
NS,0.2,1,0,0.0,0.0,0.7934506856227626,filtered-wsindy,0.3333333333333333,,0.3333333333333333,0.3333333333333333,1.0,,1.0,1.0,0.09439742962437789,,0.09439742962437789,0.09439742962437789,3.610866167000495,,3.610866167000495,3.610866167000495,0.023299518105153717,,0.023299518105153717,0.023299518105153717
NS,0.5,1,0,0.0,0.0,0.7934506856227626,filtered-wsindy,0.3333333333333333,,0.3333333333333333,0.3333333333333333,1.0,,1.0,1.0,0.18074146301355656,,0.18074146301355656,0.18074146301355656,3.6337213749065995,,3.6337213749065995,3.6337213749065995,0.08685113737513521,,0.08685113737513521,0.08685113737513521
NS,0.75,1,0,0.0,0.0,0.7934506856227626,filtered-wsindy,0.2857142857142857,,0.2857142857142857,0.2857142857142857,1.0,,1.0,1.0,0.1705164370488588,,0.1705164370488588,0.1705164370488588,3.282701874966733,,3.282701874966733,3.282701874966733,0.04941713361323833,,0.04941713361323833,0.04941713361323833
NS,1.0,1,0,0.0,0.0,0.7934506856227626,filtered-wsindy,0.25,,0.25,0.25,1.0,,1.0,1.0,0.3562777392673958,,0.3562777392673958,0.3562777392673958,3.283138458034955,,3.283138458034955,3.283138458034955,0.05963623316594643,,0.05963623316594643,0.05963623316594643
SG,0.0,1,1,1.0,0.20654931437723745,1.0,filtered-wsindy,1.0,,1.0,1.0,4.3644188689961894e-05,,4.3644188689961894e-05,4.3644188689961894e-05,2.74649265252379e-05,,2.74649265252379e-05,2.74649265252379e-05,3.5570145420497283,,3.5570145420497283,3.5570145420497283,0.0001,,0.0001,0.0001
SG,0.2,1,1,1.0,0.20654931437723745,1.0,filtered-wsindy,1.0,,1.0,1.0,0.0108661181751456,,0.0108661181751456,0.0108661181751456,0.006339892384701352,,0.006339892384701352,0.006339892384701352,3.6820699580712244,,3.6820699580712244,3.6820699580712244,0.0035564803062231283,,0.0035564803062231283,0.0035564803062231283
SG,0.5,1,1,1.0,0.20654931437723745,1.0,filtered-wsindy,1.0,,1.0,1.0,0.04921508483971315,,0.04921508483971315,0.04921508483971315,0.0299790780840509,,0.0299790780840509,0.0299790780840509,3.8991792920278385,,3.8991792920278385,3.8991792920278385,0.0062505519252739694,,0.0062505519252739694,0.0062505519252739694
SG,0.75,1,1,1.0,0.20654931437723745,1.0,filtered-wsindy,1.0,,1.0,1.0,0.08751796909783371,,0.08751796909783371,0.08751796909783371,0.05409873492612113,,0.05409873492612113,0.05409873492612113,3.5593629999784753,,3.5593629999784753,3.5593629999784753,0.010985411419875584,,0.010985411419875584,0.010985411419875584
SG,1.0,1,1,1.0,0.20654931437723745,1.0,filtered-wsindy,1.0,,1.0,1.0,0.1424553077871885,,0.1424553077871885,0.1424553077871885,0.08394972150333332,,0.08394972150333332,0.08394972150333332,3.768982707988471,,3.768982707988471,3.768982707988471,0.013257113655901081,,0.013257113655901081,0.013257113655901081
