name,noise_ratio,trials,exact_count,exact_rate,exact_ci95_low,exact_ci95_high,tpr_mean,tpr_sd,tpr_median,tpr_p90,e_inf_mean,e_inf_sd,e_inf_median,e_inf_p90,e2_mean,e2_sd,e2_median,e2_p90,runtime_mean,runtime_sd,runtime_median,runtime_p90,threshold_mean,threshold_sd,threshold_median,threshold_p90
KS,0.0,1,1,1.0,0.20654931437723745,1.0,1.0,,1.0,1.0,8.183157038654798e-07,,8.183157038654798e-07,8.183157038654798e-07,5.546250562965566e-07,,5.546250562965566e-07,5.546250562965566e-07,0.017518875072710216,,0.017518875072710216,0.017518875072710216,0.0001,,0.0001,0.0001
KS,0.2,1,1,1.0,0.20654931437723745,1.0,1.0,,1.0,1.0,0.004003057526328679,,0.004003057526328679,0.004003057526328679,0.0034271941821524,,0.0034271941821524,0.0034271941821524,0.035629999940283597,,0.035629999940283597,0.035629999940283597,0.010985411419875584,,0.010985411419875584,0.010985411419875584
KS,0.5,1,1,1.0,0.20654931437723745,1.0,1.0,,1.0,1.0,0.07408036869121304,,0.07408036869121304,0.07408036869121304,0.06678737928774463,,0.06678737928774463,0.06678737928774463,0.037700582994148135,,0.037700582994148135,0.037700582994148135,0.10481131341546852,,0.10481131341546852,0.10481131341546852
KS,1.0,1,1,1.0,0.20654931437723745,1.0,1.0,,1.0,1.0,0.2583028397092815,,0.2583028397092815,0.2583028397092815,0.25707722881335765,,0.25707722881335765,0.25707722881335765,0.03992091701366007,,0.03992091701366007,0.03992091701366007,0.05963623316594643,,0.05963623316594643,0.05963623316594643
NLS,0.0,1,1,1.0,0.20654931437723745,1.0,1.0,,1.0,1.0,9.286156166243842e-08,,9.286156166243842e-08,9.286156166243842e-08,5.6048851123070555e-08,,5.6048851123070555e-08,5.6048851123070555e-08,0.07279849995393306,,0.07279849995393306,0.07279849995393306,0.0001,,0.0001,0.0001
NLS,0.2,1,1,1.0,0.20654931437723745,1.0,1.0,,1.0,1.0,0.029003809138861025,,0.029003809138861025,0.029003809138861025,0.018307053717594553,,0.018307053717594553,0.018307053717594553,0.46625158307142556,,0.46625158307142556,0.46625158307142556,0.009102981779915217,,0.009102981779915217,0.009102981779915217
NLS,0.5,1,1,1.0,0.20654931437723745,1.0,1.0,,1.0,1.0,0.15811193116890787,,0.15811193116890787,0.15811193116890787,0.10959685780192453,,0.10959685780192453,0.10959685780192453,0.6609343750169501,,0.6609343750169501,0.6609343750169501,0.040949150623804234,,0.040949150623804234,0.040949150623804234
NLS,1.0,1,0,0.0,0.0,0.7934506856227626,0.3,,0.3,0.3,0.5083471920272864,,0.5083471920272864,0.5083471920272864,1.1633987896435398,,1.1633987896435398,1.1633987896435398,0.6432046249974519,,0.6432046249974519,0.6432046249974519,0.02811768697974228,,0.02811768697974228,0.02811768697974228
RD,0.0,1,1,1.0,0.20654931437723745,1.0,1.0,,1.0,1.0,4.454429880507149e-10,,4.454429880507149e-10,4.454429880507149e-10,1.790986410671676e-10,,1.790986410671676e-10,1.790986410671676e-10,10.070873499964364,,10.070873499964364,10.070873499964364,0.0001,,0.0001,0.0001
RD,0.2,1,1,1.0,0.20654931437723745,1.0,1.0,,1.0,1.0,0.03871011653883316,,0.03871011653883316,0.03871011653883316,0.02680020075047885,,0.02680020075047885,0.02680020075047885,10.34694179194048,,10.34694179194048,10.34694179194048,0.02811768697974228,,0.02811768697974228,0.02811768697974228
RD,0.5,1,0,0.0,0.0,0.7934506856227626,0.875,,0.875,0.875,0.12384333913255308,,0.12384333913255308,0.12384333913255308,0.0940302184319534,,0.0940302184319534,0.0940302184319534,10.11313229193911,,10.11313229193911,10.11313229193911,0.02811768697974228,,0.02811768697974228,0.02811768697974228
RD,1.0,1,0,0.0,0.0,0.7934506856227626,0.6666666666666666,,0.6666666666666666,0.6666666666666666,0.6734516675604709,,0.6734516675604709,0.6734516675604709,0.5348329687617592,,0.5348329687617592,0.5348329687617592,10.306619084090926,,10.306619084090926,10.306619084090926,0.04941713361323833,,0.04941713361323833,0.04941713361323833
IB,0.0,1,1,1.0,0.20654931437723745,1.0,1.0,,1.0,1.0,4.308458611446131e-05,,4.308458611446131e-05,4.308458611446131e-05,4.308458611446131e-05,,4.308458611446131e-05,4.308458611446131e-05,0.017824417096562684,,0.017824417096562684,0.017824417096562684,0.0003727593720314938,,0.0003727593720314938,0.0003727593720314938
IB,0.2,1,1,1.0,0.20654931437723745,1.0,1.0,,1.0,1.0,0.001678704236820705,,0.001678704236820705,0.001678704236820705,0.001678704236820705,,0.001678704236820705,0.001678704236820705,0.01915004209149629,,0.01915004209149629,0.01915004209149629,0.0024420530945486497,,0.0024420530945486497,0.0024420530945486497
IB,0.5,1,1,1.0,0.20654931437723745,1.0,1.0,,1.0,1.0,0.0038615441881229007,,0.0038615441881229007,0.0038615441881229007,0.0038615441881229007,,0.0038615441881229007,0.0038615441881229007,0.019208042067475617,,0.019208042067475617,0.019208042067475617,0.019306977288832496,,0.019306977288832496,0.019306977288832496
IB,1.0,1,1,1.0,0.20654931437723745,1.0,1.0,,1.0,1.0,0.010205127776022893,,0.010205127776022893,0.010205127776022893,0.010205127776022893,,0.010205127776022893,0.010205127776022893,0.018875999958254397,,0.018875999958254397,0.018875999958254397,0.023299518105153717,,0.023299518105153717,0.023299518105153717
KdV,0.0,1,1,1.0,0.20654931437723745,1.0,1.0,,1.0,1.0,3.1351508145149865e-07,,3.1351508145149865e-07,3.1351508145149865e-07,2.843214872372543e-07,,2.843214872372543e-07,2.843214872372543e-07,0.051959624979645014,,0.051959624979645014,0.051959624979645014,0.0001,,0.0001,0.0001
KdV,0.2,1,1,1.0,0.20654931437723745,1.0,1.0,,1.0,1.0,0.002563027676288243,,0.002563027676288243,0.002563027676288243,0.002292965601050216,,0.002292965601050216,0.002292965601050216,0.0558132081059739,,0.0558132081059739,0.0558132081059739,0.0013894954943731374,,0.0013894954943731374,0.0013894954943731374
KdV,0.5,1,0,0.0,0.0,0.7934506856227626,0.5,,0.5,0.5,1.0,,1.0,1.0,0.8947137783394864,,0.8947137783394864,0.8947137783394864,0.05524762498680502,,0.05524762498680502,0.05524762498680502,0.013257113655901081,,0.013257113655901081,0.013257113655901081
KdV,1.0,1,1,1.0,0.20654931437723745,1.0,1.0,,1.0,1.0,0.0034611941968760718,,0.0034611941968760718,0.0034611941968760718,0.003136208994312209,,0.003136208994312209,0.003136208994312209,0.055557416984811425,,0.055557416984811425,0.055557416984811425,0.0029470517025518097,,0.0029470517025518097,0.0029470517025518097
NS,0.0,1,1,1.0,0.20654931437723745,1.0,1.0,,1.0,1.0,0.005379523570391009,,0.005379523570391009,0.005379523570391009,0.0007894962302152729,,0.0007894962302152729,0.0007894962302152729,3.0422081670258194,,3.0422081670258194,3.0422081670258194,0.0007906043210907702,,0.0007906043210907702,0.0007906043210907702
NS,0.2,1,1,1.0,0.20654931437723745,1.0,1.0,,1.0,1.0,0.003765344174650083,,0.003765344174650083,0.003765344174650083,0.0021023640312501576,,0.0021023640312501576,0.0021023640312501576,3.0890070839086547,,3.0890070839086547,3.0890070839086547,0.0029470517025518097,,0.0029470517025518097,0.0029470517025518097
NS,0.5,1,0,0.0,0.0,0.7934506856227626,0.4,,0.4,0.4,1.0,,1.0,1.0,0.06892922629666107,,0.06892922629666107,0.06892922629666107,2.8959632499609143,,2.8959632499609143,2.8959632499609143,0.040949150623804234,,0.040949150623804234,0.040949150623804234
NS,1.0,1,0,0.0,0.0,0.7934506856227626,0.5,,0.5,0.5,1.0,,1.0,1.0,0.046767360650614376,,0.046767360650614376,0.046767360650614376,2.9958923329832032,,2.9958923329832032,2.9958923329832032,0.10481131341546852,,0.10481131341546852,0.10481131341546852
SG,0.0,1,1,1.0,0.20654931437723745,1.0,1.0,,1.0,1.0,4.3644188689961894e-05,,4.3644188689961894e-05,4.3644188689961894e-05,2.74649265252379e-05,,2.74649265252379e-05,2.74649265252379e-05,3.25554545794148,,3.25554545794148,3.25554545794148,0.0001,,0.0001,0.0001
SG,0.2,1,1,1.0,0.20654931437723745,1.0,1.0,,1.0,1.0,0.03826442391969653,,0.03826442391969653,0.03826442391969653,0.022103732122453312,,0.022103732122453312,0.022103732122453312,3.5948949579615146,,3.5948949579615146,3.5948949579615146,0.0035564803062231283,,0.0035564803062231283,0.0035564803062231283
SG,0.5,1,1,1.0,0.20654931437723745,1.0,1.0,,1.0,1.0,0.211923401801821,,0.211923401801821,0.211923401801821,0.12297425490040384,,0.12297425490040384,0.12297425490040384,3.7786349590169266,,3.7786349590169266,3.7786349590169266,0.0062505519252739694,,0.0062505519252739694,0.0062505519252739694
SG,1.0,1,1,1.0,0.20654931437723745,1.0,1.0,,1.0,1.0,1.0275665352173098,,1.0275665352173098,1.0275665352173098,0.5945980525139251,,0.5945980525139251,0.5945980525139251,3.465024834033102,,3.465024834033102,3.465024834033102,0.007543120063354615,,0.007543120063354615,0.007543120063354615
