name,noise_ratio,trials,exact_count,exact_rate,exact_ci95_low,exact_ci95_high,subset_support_rate,method,tpr_mean,tpr_sd,tpr_median,tpr_p90,e_inf_mean,e_inf_sd,e_inf_median,e_inf_p90,e2_mean,e2_sd,e2_median,e2_p90,runtime_mean,runtime_sd,runtime_median,runtime_p90,threshold_mean,threshold_sd,threshold_median,threshold_p90
HKS,0.0,100,100,1.0,0.9630065017930143,1.0,1.0,wsindy,1.0,0.0,1.0,1.0,1.664384057104007e-06,0.0,1.664384057104007e-06,1.664384057104007e-06,5.10995659442237e-07,2.1282503569025836e-22,5.109956594422373e-07,5.109956594422373e-07,0.026795375439105554,0.0020440672817034094,0.026736854517366737,0.028319029172416778,0.0001,0.0,0.0001,0.0001
HKS,0.2,100,75,0.75,0.656955364519384,0.8245478863771232,0.97,wsindy,0.9330000000000002,0.11917646706892389,1.0,1.0,0.3112732554637101,0.4023459713096605,0.08936952153288442,1.0,0.04073098857568871,0.03491279045827064,0.022967188973271845,0.10064549651207283,0.11257425707182847,0.015419536776230073,0.11141316697467119,0.12634300022618847,0.042119300515948706,0.023492068297788233,0.03511191734215135,0.07390722033525783
HKS,0.5,100,4,0.04,0.01566330399154762,0.0983707143588792,0.93,wsindy,0.7346904761904761,0.11582964605744343,0.75,0.75,0.9862777304321223,0.17670918919926248,1.0,1.0,0.16804911570411452,0.1793968243764551,0.1314105783514948,0.18487359964175723,0.12163530627614819,0.011106675668363698,0.12185924994992092,0.13522243743063883,0.0955193491654428,0.03122386989347739,0.09770099572992257,0.14174741629268062
HKS,0.75,100,0,0.0,3.469446951953614e-18,0.03699349820698568,0.66,wsindy,0.6280531135531137,0.19341979139679907,0.75,0.75,1.199073302702179,0.7714681015653845,1.0,1.1136352122561328,0.3432213923098271,0.28413418330929785,0.21857612549248812,0.9481474580791401,0.12160270420950837,0.009405060793300356,0.1209815624752082,0.13362157497322186,0.09968484029456585,0.04432878052259185,0.09770099572992257,0.15556761439304723
HKS,1.0,100,0,0.0,3.469446951953614e-18,0.03699349820698568,0.69,wsindy,0.60627398989899,0.20939819001774218,0.75,0.75,1.613232342628715,2.659549778250399,1.0,1.1152366749069016,0.48315695838041883,0.36562922960985567,0.3499197735604388,0.9485184988325606,0.10386114794062451,0.009702762410608003,0.10400975053198636,0.11478310839738698,0.11947428866007977,0.05959011153991708,0.1176811952434999,0.1873817422860385
VBG,0.0,100,100,1.0,0.9630065017930143,1.0,1.0,wsindy,1.0,0.0,1.0,1.0,2.187468955971994e-11,0.0,2.187468955971994e-11,2.187468955971994e-11,1.1719171967058482e-12,2.029657704260429e-28,1.1719171967058484e-12,1.1719171967058484e-12,0.05441905378946103,0.0034278215299554087,0.05407629196997732,0.057549029483925554,0.0001,0.0,0.0001,0.0001
VBG,0.2,100,0,0.0,3.469446951953614e-18,0.03699349820698568,0.92,wsindy,0.7993333333333332,0.03141982474816477,0.8,0.8,0.9351034782860462,0.2377385162499218,1.0,1.0,0.041267661753232654,0.05313921802564105,0.03399985651561527,0.04022700758405297,0.060074271725025025,0.006160124963160993,0.05937733355676755,0.061876974685583265,0.06213566863788069,0.022728882291562242,0.06734150657750829,0.08111308307896872
VBG,0.5,100,0,0.0,3.469446951953614e-18,0.03699349820698568,0.3,wsindy,0.6696547619047618,0.10841734304012343,0.6666666666666666,0.8,1.0028909193711388,0.10610906862947474,1.0,1.0,0.28873742526564206,0.1634433657712565,0.2753313507104197,0.48405111938656503,0.06425074294791557,0.011162550351177114,0.061105728964321315,0.07518150418763983,0.14741422505227816,0.09596877904818947,0.12341808087249415,0.2745094142487985
VBG,0.75,100,0,0.0,3.469446951953614e-18,0.03699349820698568,0.0,wsindy,0.49085317460317457,0.061495260451166,0.5,0.5,1.0048229310796735,0.034592276566993124,1.0,1.0,0.716361275942146,0.0988604703309853,0.7263074178006537,0.7536192002401033,0.06476798458606936,0.0030399787584218514,0.06412885402096435,0.068982212850824,0.1771009980640993,0.06835757001105836,0.1707352647470692,0.2718588242732943
VBG,1.0,100,0,0.0,3.469446951953614e-18,0.03699349820698568,0.0,wsindy,0.4905357142857143,0.07879982236999622,0.5,0.5714285714285714,1.0451204318690872,0.13862781442587901,1.0,1.147638653012276,1.0518473492048601,0.31750589413639996,1.0053739734603175,1.1405716097088363,0.06353185453917831,0.007043314135776044,0.06200241605984047,0.06795001671416685,0.22020167698089668,0.1214128507620004,0.24770763559917114,0.334151485253373
