problem,grid,noise,sigma,seed,method,coefficient_error,coefficient_linf,support_valid,support_exact,tp,fp,fn,precision,recall,f1,tpr,optimizer_success,status,iterations,fit_seconds,total_seconds,w,selected_terms
burgers,256×256,0.0,0.0,0,WSINDy,4.308458611002042e-05,4.308458611002042e-05,True,True,1,0,0,1.0,1.0,1.0,1.0,True,MSTLS support stable,4,0.006989208020968363,0.032013332995120436,"[0.0, 0.0, 0.0, 0.0, 0.0, 0.0, 0.0, 0.0, 0.0, -0.499978457706945, 0.0, 0.0, 0.0, 0.0, 0.0, 0.0, 0.0, 0.0, 0.0, 0.0, 0.0, 0.0, 0.0, 0.0, 0.0, 0.0, 0.0, 0.0, 0.0, 0.0, 0.0, 0.0, 0.0, 0.0, 0.0, 0.0, 0.0, 0.0, 0.0, 0.0, 0.0, 0.0, 0.0, 0.0, 0.0, 0.0, 0.0, 0.0, 0.0]",[9]
burgers,256×256,0.0,0.0,0,WENDy HT,1.0,1.0,True,False,0,1,1,0.0,0.0,0.0,0.0,True,IRLS step tolerance,1,0.000920082995435223,0.025944207969587296,"[0.0, 0.0, 0.0, 0.0, 0.0, 1.8083076796892286e-09, 0.0, 0.0, 0.0, 0.0, 0.0, 0.0, 0.0, 0.0, 0.0, 0.0, 0.0, 0.0, 0.0, 0.0, 0.0, 0.0, 0.0, 0.0, 0.0, 0.0, 0.0, 0.0, 0.0, 0.0, 0.0, 0.0, 0.0, 0.0, 0.0, 0.0, 0.0, 0.0, 0.0, 0.0, 0.0, 0.0, 0.0, 0.0, 0.0, 0.0, 0.0, 0.0, 0.0]",[5]
burgers,256×256,0.0,0.0,0,WENDy-MLE HT,1.0,1.0,True,False,0,1,1,0.0,0.0,0.0,0.0,True,IRLS step tolerance,1,0.0009985000069718808,0.026022624981123954,"[0.0, 0.0, 0.0, 0.0, 0.0, 1.8083076796892286e-09, 0.0, 0.0, 0.0, 0.0, 0.0, 0.0, 0.0, 0.0, 0.0, 0.0, 0.0, 0.0, 0.0, 0.0, 0.0, 0.0, 0.0, 0.0, 0.0, 0.0, 0.0, 0.0, 0.0, 0.0, 0.0, 0.0, 0.0, 0.0, 0.0, 0.0, 0.0, 0.0, 0.0, 0.0, 0.0, 0.0, 0.0, 0.0, 0.0, 0.0, 0.0, 0.0, 0.0]",[5]
burgers,256×256,0.2,139.9403436083024,0,WSINDy,0.004691197968604954,0.004691197968604954,True,True,1,0,0,1.0,1.0,1.0,1.0,True,MSTLS support stable,4,0.009068582992767915,0.03772649899474345,"[0.0, 0.0, 0.0, 0.0, 0.0, 0.0, 0.0, 0.0, 0.0, -0.4976544010156975, 0.0, 0.0, 0.0, 0.0, 0.0, 0.0, 0.0, 0.0, 0.0, 0.0, 0.0, 0.0, 0.0, 0.0, 0.0, 0.0, 0.0, 0.0, 0.0, 0.0, 0.0, 0.0, 0.0, 0.0, 0.0, 0.0, 0.0, 0.0, 0.0, 0.0, 0.0, 0.0, 0.0, 0.0, 0.0, 0.0, 0.0, 0.0, 0.0]",[9]
burgers,256×256,0.2,139.9403436083024,0,WENDy HT,1.0,1.0,True,False,0,1,1,0.0,0.0,0.0,0.0,False,IRLS iteration limit,300,433.4925258340081,433.5211837500101,"[0.0, 0.0, 0.0, 0.0, 0.0, 6.742140154434486e-12, 0.0, 0.0, 0.0, 0.0, 0.0, 0.0, 0.0, 0.0, 0.0, 0.0, 0.0, 0.0, 0.0, 0.0, 0.0, 0.0, 0.0, 0.0, 0.0, 0.0, 0.0, 0.0, 0.0, 0.0, 0.0, 0.0, 0.0, 0.0, 0.0, 0.0, 0.0, 0.0, 0.0, 0.0, 0.0, 0.0, 0.0, 0.0, 0.0, 0.0, 0.0, 0.0, 0.0]",[5]
burgers,256×256,0.2,139.9403436083024,0,WENDy-MLE HT,1.0040976736485958,1.0,True,False,0,1,1,0.0,0.0,0.0,0.0,False,Desired error not necessarily achieved due to precision loss.,119,458.11363766601426,458.14229558201623,"[0.0, 0.0, 0.0, 0.0, 0.0, 0.0, 0.0, 0.0, 0.0, 0.0, 0.0, 0.0, 0.0, 0.0, 0.0, 0.0, 0.0, 0.0, 0.04531042437045292, 0.0, 0.0, 0.0, 0.0, 0.0, 0.0, 0.0, 0.0, 0.0, 0.0, 0.0, 0.0, 0.0, 0.0, 0.0, 0.0, 0.0, 0.0, 0.0, 0.0, 0.0, 0.0, 0.0, 0.0, 0.0, 0.0, 0.0, 0.0, 0.0, 0.0]",[18]
burgers,256×256,0.2,139.9403436083024,0,WENDy-MLE L1=1e-06,1805436377239035.2,1.9615897141171459,True,False,1,42,0,0.023255813953488372,1.0,0.045454545454545456,0.023255813953488372,True,CONVERGENCE: RELATIVE REDUCTION OF F <= FACTR*EPSMCH,191,966.6056687080127,966.6343266240146,"[-30.697779967387493, 2.295101577878623, -0.004668414193647998, -3.6507072423990715e-05, 1.1082545849999735e-07, -1.000240957401025e-10, 2.84941300802307e-14, 0.0, 547.2034227264327, 0.48079485705857294, -0.004592422288318169, -4.240142001123188e-08, 5.259411900036253e-09, -2.2662820647594134e-12, 0.0, 718718.8818545772, 4105.1629116322665, -26.124077283223656, 0.044627180586067024, -2.958326859229174e-05, 6.500692448950107e-09, 0.0, 248018550.3137776, -321506.62057753257, -609.7007088193426, 0.6020967012653031, 0.00023688873104644556, -1.9386315901328456e-07, 0.0, 11028801628.387789, 520111162.8086372, -1704743.5113958828, 1965.8940574583469, -0.8695987824473106, 9.488212390049065e-05, 0.0, 1846789972750.1155, 12161218245.48992, 25156222.37763594, -180704.4473747877, 211.8958699386115, -0.07160314994786877, 0.0, -902663906066114.5, 9725716666011.66, -16799831321.207493, 7609620.830631309, 2682.744384177615, -2.0545843767238656]","[0, 1, 2, 3, 4, 5, 6, 8, 9, 10, 11, 12, 13, 15, 16, 17, 18, 19, 20, 22, 23, 24, 25, 26, 27, 29, 30, 31, 32, 33, 34, 36, 37, 38, 39, 40, 41, 43, 44, 45, 46, 47, 48]"
burgers,256×256,0.2,139.9403436083024,0,WENDy-MLE L1=0.0001,inf,inf,False,False,nan,nan,nan,nan,nan,nan,nan,False,318-th leading minor of the array is not positive definite,0,139.84692787501263,139.8755857910146,"[NaN, NaN, NaN, NaN, NaN, NaN, NaN, NaN, NaN, NaN, NaN, NaN, NaN, NaN, NaN, NaN, NaN, NaN, NaN, NaN, NaN, NaN, NaN, NaN, NaN, NaN, NaN, NaN, NaN, NaN, NaN, NaN, NaN, NaN, NaN, NaN, NaN, NaN, NaN, NaN, NaN, NaN, NaN, NaN, NaN, NaN, NaN, NaN, NaN]",[]
burgers,256×256,0.2,139.9403436083024,0,WENDy-MLE L1=0.01,37245173640.55211,0.18808295482752546,True,False,1,10,0,0.09090909090909091,1.0,0.16666666666666666,0.09090909090909091,True,CONVERGENCE: RELATIVE REDUCTION OF F <= FACTR*EPSMCH,268,1389.2995129999763,1389.3281709159783,"[3.137992867136013, 0.0, 0.0, 0.0, 0.0, 0.0, 0.0, 0.0, -66.79236285340406, -0.40595852258623727, 0.0, 0.0, 0.0, 0.0, 0.0, 0.0, 0.0, 0.0, 0.0, 0.0, 0.0, 0.0, 0.0, 0.0, 0.0, 0.0, 0.0, 0.0, 0.0, 0.0, 0.0, 0.0, 0.0, 0.0, 0.0, 0.0, -817556783.9060125, -1418605.3338574676, 0.0, 0.0, 0.0017741766299361522, 0.0, 0.0, -18604596010.421394, -36688695.53229615, 0.0, 5.3353044674506265, 0.006673161402861522, 3.7426168817908606e-07]","[0, 8, 9, 36, 37, 40, 43, 44, 46, 47, 48]"
burgers,256×256,0.2,139.9403436083024,1,WSINDy,0.007004244803385129,0.007004244803385129,True,True,1,0,0,1.0,1.0,1.0,1.0,True,MSTLS support stable,4,0.01869633301976137,0.06663791602477431,"[0.0, 0.0, 0.0, 0.0, 0.0, 0.0, 0.0, 0.0, 0.0, -0.5035021224016926, 0.0, 0.0, 0.0, 0.0, 0.0, 0.0, 0.0, 0.0, 0.0, 0.0, 0.0, 0.0, 0.0, 0.0, 0.0, 0.0, 0.0, 0.0, 0.0, 0.0, 0.0, 0.0, 0.0, 0.0, 0.0, 0.0, 0.0, 0.0, 0.0, 0.0, 0.0, 0.0, 0.0, 0.0, 0.0, 0.0, 0.0, 0.0, 0.0]",[9]
burgers,256×256,0.2,139.9403436083024,1,WENDy HT,1.0000000000813265,1.0,True,False,0,1,1,0.0,0.0,0.0,0.0,False,IRLS iteration limit,300,528.4207465840154,528.4686881670204,"[0.0, 0.0, 0.0, 0.0, 0.0, 0.0, 0.0, 0.0, 0.0, 0.0, 0.0, 6.376780162565029e-06, 0.0, 0.0, 0.0, 0.0, 0.0, 0.0, 0.0, 0.0, 0.0, 0.0, 0.0, 0.0, 0.0, 0.0, 0.0, 0.0, 0.0, 0.0, 0.0, 0.0, 0.0, 0.0, 0.0, 0.0, 0.0, 0.0, 0.0, 0.0, 0.0, 0.0, 0.0, 0.0, 0.0, 0.0, 0.0, 0.0, 0.0]",[11]
burgers,256×256,0.2,139.9403436083024,1,WENDy-MLE HT,1.0000787146035113,1.0,True,False,0,1,1,0.0,0.0,0.0,0.0,False,Desired error not necessarily achieved due to precision loss.,174,569.8913414169801,569.9392829999852,"[0.0, 0.0, 0.0, 0.0, 0.0, 0.0, 0.0, 0.0, 0.0, 0.0, 0.0, 0.0, 0.0, 0.0, 0.0, 0.0, 0.0, 0.0, 0.0, 0.0, 0.0, 0.0, 0.0, 0.0, 0.0, 0.0, -0.006273663264223924, 0.0, 0.0, 0.0, 0.0, 0.0, 0.0, 0.0, 0.0, 0.0, 0.0, 0.0, 0.0, 0.0, 0.0, 0.0, 0.0, 0.0, 0.0, 0.0, 0.0, 0.0, 0.0]",[26]
burgers,256×256,0.2,139.9403436083024,1,WENDy-MLE L1=1e-06,1263229974850762.8,9.081750122952066,True,False,1,42,0,0.023255813953488372,1.0,0.045454545454545456,0.023255813953488372,True,CONVERGENCE: RELATIVE REDUCTION OF F <= FACTR*EPSMCH,161,835.2727455410059,835.3206871240109,"[130.30949566231777, -0.41628244865827885, -0.0031048734313348157, 3.0397689837200716e-05, -7.072913913697685e-08, 6.046622980155352e-11, -1.6982909923906708e-14, 0.0, 1687.8574772108434, -5.040875061476033, -0.007566078809504448, 3.1570577002703684e-05, -2.8966103172184288e-08, 7.89037939554208e-12, 0.0, -36423.359241996135, -194.6985247154428, 4.526465237395373, -0.014302456572866181, 1.5638400173480556e-05, -5.620620304870948e-09, 0.0, 422426806.4827112, -2585051.349729613, 2173.080035363051, 4.229360690236687, -0.006280050779503751, 2.0399353001819587e-06, 0.0, 27411629934.49468, 54610457.30117921, -560622.7228078288, 824.4522609680866, -0.25317355750075565, -7.93942620341963e-05, 0.0, 18352312687240.902, -115465381521.71474, 99311011.65143056, 173228.43458534539, -263.13168272958933, 0.08728128639635745, 0.0, 631345157441785.6, 1990689338468.1677, -14363685130.739162, 21441351.491133627, -9278.966060977222, -0.11482896943646757]","[0, 1, 2, 3, 4, 5, 6, 8, 9, 10, 11, 12, 13, 15, 16, 17, 18, 19, 20, 22, 23, 24, 25, 26, 27, 29, 30, 31, 32, 33, 34, 36, 37, 38, 39, 40, 41, 43, 44, 45, 46, 47, 48]"
burgers,256×256,0.2,139.9403436083024,1,WENDy-MLE L1=0.0001,inf,inf,False,False,nan,nan,nan,nan,nan,nan,nan,False,715-th leading minor of the array is not positive definite,0,298.6481320829771,298.6960736659821,"[NaN, NaN, NaN, NaN, NaN, NaN, NaN, NaN, NaN, NaN, NaN, NaN, NaN, NaN, NaN, NaN, NaN, NaN, NaN, NaN, NaN, NaN, NaN, NaN, NaN, NaN, NaN, NaN, NaN, NaN, NaN, NaN, NaN, NaN, NaN, NaN, NaN, NaN, NaN, NaN, NaN, NaN, NaN, NaN, NaN, NaN, NaN, NaN, NaN]",[]
burgers,256×256,0.0,0.0,0,WENDy L1=1e-06,99486776624902.17,0.9997218456174884,True,False,1,41,0,0.023809523809523808,1.0,0.046511627906976744,0.023809523809523808,False,IRLS iteration limit,300,4.089341457991395,4.114974291995168,"[-0.049580541099042405, -4.177454194305383, -0.05050375325069932, 0.0005799872929500333, -1.6347862419597383e-06, 1.7802433316568787e-09, -6.707631152092706e-13, 0.0, -404.57854745908577, -0.00013907719125576194, 0.0020323933294702566, -2.78820765235229e-06, 5.00820230865761e-12, 6.554208902069436e-13, 0.0, 32960.10881940436, -81.53370616056955, -2.9967215937998873e-05, -5.764388793596946e-09, 1.689470146591063e-11, 4.9215547262494026e-11, 0.0, 0.0, -11.477933764655633, -0.0019133759587760292, -6.80926896578869e-07, -2.4740324605390486e-09, -7.433663984404029e-12, 0.0, -160535642.78809288, 161980.18686540096, 310.2254275488054, 0.00092484768360618, -3.24471571508157e-06, -3.217381427267007e-07, 0.0, -165309336011.2795, 9738305.58167843, 116463.81280796016, 6.869581598673548, 0.0008555945732964238, 3.090509516393477e-05, 0.0, 49743064725668.55, -69751693750.50082, -4955621.849700491, -58682.72057948294, 2.7201154304107553, 0.07974339980897212]","[0, 1, 2, 3, 4, 5, 6, 8, 9, 10, 11, 12, 13, 15, 16, 17, 18, 19, 20, 23, 24, 25, 26, 27, 29, 30, 31, 32, 33, 34, 36, 37, 38, 39, 40, 41, 43, 44, 45, 46, 47, 48]"
burgers,256×256,0.0,0.0,0,WENDy L1=0.0001,8255484042414851.0,20.40524536195431,True,False,1,42,0,0.023255813953488372,1.0,0.045454545454545456,0.023255813953488372,False,L1 subproblem: STOP: TOTAL NO. OF ITERATIONS REACHED LIMIT,5,0.36561395798344165,0.39124679198721424,"[-0.8797945590110081, 42.889350604781725, 0.07588206448098846, -1.1857690723809897e-06, -9.286258133384173e-07, 9.819508633656277e-10, -1.709009848512568e-13, 0.0, 1439.2502122349176, 9.702622680977155, -3.5846135301696105e-05, 1.6615422005350678e-06, 2.1993498229020344e-09, -1.5456993662400606e-11, 0.0, 2734154.431701243, -375.317080103013, -9.160952729634875, 3.559107343835982e-05, 2.650930227288352e-07, 6.650735992097074e-09, 0.0, 203345745.67457488, -13843.246088953934, 8.697248697639585, -0.014778200177135346, -3.324818780728853e-05, -1.3269747060469465e-07, 0.0, -8232867749.475675, -4152790.635320567, -1530.172092913186, 100.21828377946466, -0.024770022212235683, -5.294194063065745e-05, 0.0, -16600104330032.844, 10827143.332445646, -6695884.363959757, 22299.99939156665, 3.3158851434806857, -0.0010678621659778508, 0.0, 4127708331385227.0, -1600198586438.1414, -22078027068.03888, 17170849.76176175, 2510.4117458686937, -0.09087028761599374]","[0, 1, 2, 3, 4, 5, 6, 8, 9, 10, 11, 12, 13, 15, 16, 17, 18, 19, 20, 22, 23, 24, 25, 26, 27, 29, 30, 31, 32, 33, 34, 36, 37, 38, 39, 40, 41, 43, 44, 45, 46, 47, 48]"
burgers,256×256,0.0,0.0,0,WENDy L1=0.01,15.24877739530799,0.1284589211686753,True,False,1,2,0,0.3333333333333333,1.0,0.5,0.3333333333333333,True,IRLS step tolerance,2,0.09211904197582044,0.11775187597959302,"[7.624118151540229, 0.0, 0.0, 0.0, 0.0, 0.0, 0.0, 0.0, 0.0, -0.43577053941566235, -2.5725744107503396e-05, 0.0, 0.0, 0.0, 0.0, 0.0, 0.0, 0.0, 0.0, 0.0, 0.0, 0.0, 0.0, 0.0, 0.0, 0.0, 0.0, 0.0, 0.0, 0.0, 0.0, 0.0, 0.0, 0.0, 0.0, 0.0, 0.0, 0.0, 0.0, 0.0, 0.0, 0.0, 0.0, 0.0, 0.0, 0.0, 0.0, 0.0, 0.0]","[0, 9, 10]"
burgers,256×256,0.0,0.0,0,WENDy-MLE L1=1e-06,99486776624902.17,0.9997218456174884,True,False,1,41,0,0.023809523809523808,1.0,0.046511627906976744,0.023809523809523808,False,IRLS iteration limit,300,4.037567124993075,4.063199958996847,"[-0.049580541099042405, -4.177454194305383, -0.05050375325069932, 0.0005799872929500333, -1.6347862419597383e-06, 1.7802433316568787e-09, -6.707631152092706e-13, 0.0, -404.57854745908577, -0.00013907719125576194, 0.0020323933294702566, -2.78820765235229e-06, 5.00820230865761e-12, 6.554208902069436e-13, 0.0, 32960.10881940436, -81.53370616056955, -2.9967215937998873e-05, -5.764388793596946e-09, 1.689470146591063e-11, 4.9215547262494026e-11, 0.0, 0.0, -11.477933764655633, -0.0019133759587760292, -6.80926896578869e-07, -2.4740324605390486e-09, -7.433663984404029e-12, 0.0, -160535642.78809288, 161980.18686540096, 310.2254275488054, 0.00092484768360618, -3.24471571508157e-06, -3.217381427267007e-07, 0.0, -165309336011.2795, 9738305.58167843, 116463.81280796016, 6.869581598673548, 0.0008555945732964238, 3.090509516393477e-05, 0.0, 49743064725668.55, -69751693750.50082, -4955621.849700491, -58682.72057948294, 2.7201154304107553, 0.07974339980897212]","[0, 1, 2, 3, 4, 5, 6, 8, 9, 10, 11, 12, 13, 15, 16, 17, 18, 19, 20, 23, 24, 25, 26, 27, 29, 30, 31, 32, 33, 34, 36, 37, 38, 39, 40, 41, 43, 44, 45, 46, 47, 48]"
burgers,256×256,0.0,0.0,0,WENDy-MLE L1=0.0001,8255484042414851.0,20.40524536195431,True,False,1,42,0,0.023255813953488372,1.0,0.045454545454545456,0.023255813953488372,False,L1 subproblem: STOP: TOTAL NO. OF ITERATIONS REACHED LIMIT,5,0.37083312499453314,0.3964659589983057,"[-0.8797945590110081, 42.889350604781725, 0.07588206448098846, -1.1857690723809897e-06, -9.286258133384173e-07, 9.819508633656277e-10, -1.709009848512568e-13, 0.0, 1439.2502122349176, 9.702622680977155, -3.5846135301696105e-05, 1.6615422005350678e-06, 2.1993498229020344e-09, -1.5456993662400606e-11, 0.0, 2734154.431701243, -375.317080103013, -9.160952729634875, 3.559107343835982e-05, 2.650930227288352e-07, 6.650735992097074e-09, 0.0, 203345745.67457488, -13843.246088953934, 8.697248697639585, -0.014778200177135346, -3.324818780728853e-05, -1.3269747060469465e-07, 0.0, -8232867749.475675, -4152790.635320567, -1530.172092913186, 100.21828377946466, -0.024770022212235683, -5.294194063065745e-05, 0.0, -16600104330032.844, 10827143.332445646, -6695884.363959757, 22299.99939156665, 3.3158851434806857, -0.0010678621659778508, 0.0, 4127708331385227.0, -1600198586438.1414, -22078027068.03888, 17170849.76176175, 2510.4117458686937, -0.09087028761599374]","[0, 1, 2, 3, 4, 5, 6, 8, 9, 10, 11, 12, 13, 15, 16, 17, 18, 19, 20, 22, 23, 24, 25, 26, 27, 29, 30, 31, 32, 33, 34, 36, 37, 38, 39, 40, 41, 43, 44, 45, 46, 47, 48]"
burgers,256×256,0.0,0.0,0,WENDy-MLE L1=0.01,15.24877739530799,0.1284589211686753,True,False,1,2,0,0.3333333333333333,1.0,0.5,0.3333333333333333,True,IRLS step tolerance,2,0.09258537500863895,0.11821820901241153,"[7.624118151540229, 0.0, 0.0, 0.0, 0.0, 0.0, 0.0, 0.0, 0.0, -0.43577053941566235, -2.5725744107503396e-05, 0.0, 0.0, 0.0, 0.0, 0.0, 0.0, 0.0, 0.0, 0.0, 0.0, 0.0, 0.0, 0.0, 0.0, 0.0, 0.0, 0.0, 0.0, 0.0, 0.0, 0.0, 0.0, 0.0, 0.0, 0.0, 0.0, 0.0, 0.0, 0.0, 0.0, 0.0, 0.0, 0.0, 0.0, 0.0, 0.0, 0.0, 0.0]","[0, 9, 10]"
burgers,256×256,0.2,139.9403436083024,0,WENDy L1=1e-06,576834922977422.0,1.0,True,False,0,40,1,0.0,0.0,0.0,0.0,False,IRLS iteration limit,300,511.4025935420068,511.4309100420214,"[-0.5517743499527571, 0.025045207229047208, 3.4196109717103176e-05, 1.0248491226009429e-12, 6.425293812039553e-14, -6.531251828954275e-13, 5.558073901043651e-16, 0.0, 118.35489697564181, 0.0, -0.0011206205738602583, -1.3076278865691557e-13, 0.0, 4.364627769153569e-13, 0.0, 84019.8216769277, -6.1026463358038883e-05, -0.23025728329089185, 0.0, 1.0014149694488185e-09, 1.2500128625777596e-10, 0.0, 152107376.40913704, -307838.3662015948, 0.055867090866870174, 0.11632951787985231, 2.1519882246563584e-05, 5.760825893471544e-11, 0.0, 15838992305.915627, 491458462.2708971, -1594220.7094878217, 1787.8501919270027, -0.8025284050995058, 0.00011280217877860369, 0.0, 235760583821.1073, 14094882628.520697, 27272987.546159234, -177993.39395120426, 207.47696408486215, -0.07148928527748177, 0.0, -288307427286630.4, 7962611156919.254, -15926782219.774466, 7802444.504204324, 2716.023046973149, -2.100829598009245]","[0, 1, 2, 3, 4, 5, 6, 8, 10, 11, 13, 15, 16, 17, 19, 20, 22, 23, 24, 25, 26, 27, 29, 30, 31, 32, 33, 34, 36, 37, 38, 39, 40, 41, 43, 44, 45, 46, 47, 48]"
burgers,256×256,0.2,139.9403436083024,0,WENDy L1=0.0001,4909267182145.61,0.22051620746303446,True,False,1,22,0,0.043478260869565216,1.0,0.08333333333333333,0.043478260869565216,False,L1 subproblem: STOP: TOTAL NO. OF ITERATIONS REACHED LIMIT,102,202.66478987497976,202.6931063749944,"[-0.31801998122438324, 0.0, 0.0, 0.0, 0.0, -1.2023151833248588e-16, -8.041222417893016e-19, 0.0, -48.26073882821417, -0.38974189626848277, -6.073160064906458e-05, 0.0, 0.0, 0.0, 0.0, -600.3587351300954, 0.0, 0.0, 0.0, 0.0, 0.0, 0.0, -99269.6322263165, 0.0, 0.0, 0.0, 0.0, 0.0, 0.0, 118737004.83001864, 0.0, 0.0, 0.0, -3.6647700568338796e-06, -5.7372402869329304e-08, 0.0, 4658781170.666523, 6467216.145636193, -41025.200875019174, 9.227333091743784, 0.015457862071430128, 3.5461793965653977e-06, 0.0, 2454592688338.2734, 13382119430.934593, -35728002.32645283, 18501.686359643692, 9.718383061079418, -0.0075264203797388764]","[0, 5, 6, 8, 9, 10, 15, 22, 29, 33, 34, 36, 37, 38, 39, 40, 41, 43, 44, 45, 46, 47, 48]"
burgers,256×256,0.2,139.9403436083024,0,WENDy L1=0.01,21331430163.854633,0.2493896568196624,True,False,1,6,0,0.14285714285714285,1.0,0.25,0.14285714285714285,True,IRLS step tolerance,80,139.06892329198308,139.0972397919977,"[2.8807489025622672, 0.0, 0.0, 0.0, 0.0, 0.0, 0.0, 0.0, -98.91823661076441, -0.3753051715901688, 0.0, 0.0, 0.0, 0.0, 0.0, 0.0, 0.0, 0.0, 0.0, 0.0, 0.0, 0.0, 0.0, 0.0, 0.0, 0.0, 0.0, 0.0, 0.0, 10283648.430282408, 0.0, 0.0, 0.0, 0.0, 0.0, 0.0, 0.0, -2558554.830236141, 0.0, 0.0, 0.0, 1.5610930248655858e-06, 0.0, -10665709817.411308, 0.0, 0.0, 0.0, 0.0, 0.0]","[0, 8, 9, 29, 37, 41, 43]"
burgers,256×256,0.2,139.9403436083024,1,WENDy L1=1e-06,1558057259954026.0,1.0,True,False,0,38,1,0.0,0.0,0.0,0.0,False,IRLS iteration limit,300,515.0625748340099,515.1185672089923,"[-1.7749603957755815, 0.050102170416186406, -5.067209107661136e-05, -1.0222321729392805e-08, -2.2499148828804416e-10, -6.45249312511978e-15, 2.069209531722001e-16, 0.0, -349.811822580512, 0.0, -3.3764447200715443e-07, 0.0, 0.0, -1.3282387347005307e-13, 0.0, -172843.41192921248, 0.0, 0.27811367557807604, 0.00018056920213231422, 0.0, -2.5573515922115696e-10, 0.0, -480287.1437084512, -395298.437794273, 3.150435184665196, 1.3154101287222415, -0.0010223225766378416, 1.0842288804103227e-07, 0.0, -7024876225.916897, 108731373.5528473, -469234.59111951874, 657.2476509994328, -0.2601079079191475, -2.180921330764151e-05, 0.0, 5957397566638.0205, -87344549042.0536, 80302363.85235438, 167908.76290309516, -258.54625428609336, 0.09077020950659197, 0.0, 779004939194671.9, 1188512607237.635, -14413364763.11711, 21439915.319909796, -9060.738041121987, 0.09677706712836925]","[0, 1, 2, 3, 4, 5, 6, 8, 10, 13, 15, 17, 18, 20, 22, 23, 24, 25, 26, 27, 29, 30, 31, 32, 33, 34, 36, 37, 38, 39, 40, 41, 43, 44, 45, 46, 47, 48]"
burgers,256×256,0.2,139.9403436083024,1,WENDy L1=0.0001,31145078262796.207,0.7960671511543937,True,False,1,32,0,0.030303030303030304,1.0,0.058823529411764705,0.030303030303030304,False,L1 subproblem: STOP: TOTAL NO. OF ITERATIONS REACHED LIMIT,2,5.544207915983861,5.600200290966313,"[10.422242166028775, -0.03810182455782279, -4.392220911057315e-06, -4.215633643629915e-09, -3.602909931257502e-11, 5.880118800345621e-15, 4.7058002834101843e-17, 0.0, -25.387279823378595, -0.1019664244228031, -0.00010240005960605055, -2.1731197294840793e-07, 0.0, -1.790982054910423e-14, 0.0, 47.76046209943233, 0.0, -0.018070052239322454, 0.0, 0.0, 0.0, 0.0, -1963437.0085223208, 0.0, 0.0, 0.0, 7.005194896917875e-06, 4.747041513168379e-09, 0.0, 777712.3821256418, 7088.7757875298375, 1.8757482855793677, 0.11436949538276252, 0.0, 0.0, 0.0, 153775447850.4729, -83909156216.17259, 88555954.11139424, 167105.94958831024, -256.4736867510715, 0.08585579679439945, 0.0, 15445879496442.035, 1974308333831.3591, -14161218643.328619, 21498542.727564994, -9108.730624786964, 0.021566816787833638]","[0, 1, 2, 3, 4, 5, 6, 8, 9, 10, 11, 13, 15, 17, 22, 26, 27, 29, 30, 31, 32, 36, 37, 38, 39, 40, 41, 43, 44, 45, 46, 47, 48]"
burgers,256×256,0.2,139.9403436083024,1,WENDy L1=0.01,269677339575.34018,0.39017598854628055,True,False,1,10,0,0.09090909090909091,1.0,0.16666666666666666,0.09090909090909091,True,IRLS step tolerance,258,418.34156191698276,418.3975542919652,"[5.817802185851761, 0.0, 0.0, 0.0, 0.0, 0.0, 0.0, 0.0, -153.66092196930458, -0.3049120057268597, 0.0, 0.0, 0.0, 0.0, 0.0, 0.0, 0.0, 0.0, 0.0, 0.0, 0.0, 0.0, 0.0, 379.69975605725887, 0.06770156685909248, 0.0, 0.0, 0.0, 0.0, 36442921.81734574, 0.0, 0.0, 0.0, 0.0, 0.0, 0.0, 0.0, -240331.94719952453, 0.0, 0.0, 0.0, 7.598705397471547e-07, 0.0, 134838640231.75458, -81501015.18873316, 0.0, 0.0, 0.039752838058847606, 0.0]","[0, 8, 9, 23, 24, 29, 37, 41, 43, 44, 47]"
burgers,256×256,0.2,139.9403436083024,1,WENDy-MLE L1=0.01,51356091174.02177,0.2305283877420975,True,False,1,11,0,0.08333333333333333,1.0,0.15384615384615385,0.08333333333333333,False,STOP: TOTAL NO. OF ITERATIONS REACHED LIMIT,300,979.6680913749733,979.7240837499558,"[6.554278459186831, 0.0, 0.0, 0.0, 0.0, 0.0, 0.0, 0.0, -70.11703684256646, -0.38473580612895125, 0.0, 0.0, 0.0, 0.0, 0.0, 0.0, 0.0, 0.0, 0.0, 0.0, 0.0, 0.0, 0.0, 0.0, 0.13250249584779092, 0.0, 0.0, 0.0, 0.0, 0.0, 0.0, 0.0, 0.0, 0.0, 0.0, 0.0, -2662129478.7911315, 0.0, 0.0, 0.0, 0.000359593075911244, 7.754150918299004e-07, 0.0, 25539028903.67017, -181918839.76124033, 0.0, 79.0834385843582, 0.014107772311157087, -5.204651417352957e-08]","[0, 8, 9, 24, 36, 40, 41, 43, 44, 46, 47, 48]"
burgers,256×256,0.2,139.9403436083024,2,WSINDy,0.002825384760441141,0.002825384760441141,True,True,1,0,0,1.0,1.0,1.0,1.0,True,MSTLS support stable,4,0.012880083988420665,0.05211754297488369,"[0.0, 0.0, 0.0, 0.0, 0.0, 0.0, 0.0, 0.0, 0.0, -0.49858730761977943, 0.0, 0.0, 0.0, 0.0, 0.0, 0.0, 0.0, 0.0, 0.0, 0.0, 0.0, 0.0, 0.0, 0.0, 0.0, 0.0, 0.0, 0.0, 0.0, 0.0, 0.0, 0.0, 0.0, 0.0, 0.0, 0.0, 0.0, 0.0, 0.0, 0.0, 0.0, 0.0, 0.0, 0.0, 0.0, 0.0, 0.0, 0.0, 0.0]",[9]
burgers,256×256,0.2,139.9403436083024,2,WENDy HT,1.0000000000000002,1.0,True,False,0,1,1,0.0,0.0,0.0,0.0,False,IRLS iteration limit,300,457.4455390420044,457.48477650099085,"[0.0, 0.0, 0.0, 0.0, 0.0, 0.0, 0.0, 0.0, 0.0, 0.0, 0.0, 0.0, 9.55336234015781e-09, 0.0, 0.0, 0.0, 0.0, 0.0, 0.0, 0.0, 0.0, 0.0, 0.0, 0.0, 0.0, 0.0, 0.0, 0.0, 0.0, 0.0, 0.0, 0.0, 0.0, 0.0, 0.0, 0.0, 0.0, 0.0, 0.0, 0.0, 0.0, 0.0, 0.0, 0.0, 0.0, 0.0, 0.0, 0.0, 0.0]",[12]
burgers,256×256,0.2,139.9403436083024,2,WENDy L1=1e-06,647723951836663.4,0.3065258822792414,True,False,1,38,0,0.02564102564102564,1.0,0.05,0.02564102564102564,False,IRLS iteration limit,300,458.590764958004,458.63000241699046,"[-2.5535715112610693, -0.05623087967520458, 3.056683357508318e-08, 1.9434181731671313e-12, 1.9092488543953402e-13, 3.511773264899605e-14, 1.2745929184524855e-17, 0.0, -15.39120842198862, -0.6532629411396207, 0.0, 0.0, 9.046794899586529e-13, 1.2322123939492575e-13, 0.0, 0.0, -76.78512181618673, -1.161416499904559e-06, 0.0, 4.8177967993312204e-08, 1.0971528353702942e-11, 0.0, -11500902.03191196, 882562.0955793959, -1084.4189806504812, -3.895927301917563, 0.007127809836864998, -3.0073690229252626e-06, 0.0, 1413627548.6176474, 273500407.53490967, -363231.00346608897, -802.3016560094974, 1.5186265962603007, -0.0006254144736572535, 0.0, 948520984954.7704, 52619220908.63103, -77199171.05891085, -154829.95027857152, 309.43059621089185, -0.1304058095895481, 0.0, -323768496383650.06, 7722545844863.998, -4236601533.159358, -32159668.547003414, 46516.10845674383, -17.449111349759896]","[0, 1, 2, 3, 4, 5, 6, 8, 9, 12, 13, 16, 17, 19, 20, 22, 23, 24, 25, 26, 27, 29, 30, 31, 32, 33, 34, 36, 37, 38, 39, 40, 41, 43, 44, 45, 46, 47, 48]"
burgers,256×256,0.2,139.9403436083024,2,WENDy L1=0.0001,690258784720678.4,0.7817890485696475,True,False,1,38,0,0.02564102564102564,1.0,0.05,0.02564102564102564,False,L1 subproblem: STOP: TOTAL NO. OF ITERATIONS REACHED LIMIT,3,6.326674458978232,6.365911917964695,"[33.84776406453829, 0.22024160553395733, -0.00020962634616131443, -5.168501113841606e-08, -1.627926701256052e-12, -2.9022903640063734e-14, 1.161897078102468e-18, 0.0, -74.44996373832866, -0.10910547571517626, -0.00010760535226017591, -9.062859760654784e-08, -9.053966538058186e-11, -7.307394811485794e-14, 0.0, -16333.925387377709, -60.085787404965245, -0.06509101786082781, -6.725666881318869e-05, -5.366388022439829e-08, -2.8109452825922672e-11, 0.0, 90445687.31018355, 0.0, 0.0, 0.0, 0.0, -1.8257801076479115e-07, 0.0, 132438749564.98058, -46908715.25692583, -155101.79459744898, -663.2009345811196, 1.3308727991125175, -0.0006416104489364577, 0.0, 37575044412709.06, 32879937726.57495, -91943493.0258575, -157223.00450410787, 310.4708974993284, -0.12737680805753868, 0.0, -343006840378497.3, 6978704802112.451, -4484684643.937088, -31978891.08055204, 46889.940688414434, -17.215322940366182]","[0, 1, 2, 3, 4, 5, 6, 8, 9, 10, 11, 12, 13, 15, 16, 17, 18, 19, 20, 22, 27, 29, 30, 31, 32, 33, 34, 36, 37, 38, 39, 40, 41, 43, 44, 45, 46, 47, 48]"
burgers,256×256,0.2,139.9403436083024,2,WENDy L1=0.01,308147228124.1419,0.3858809546643174,True,False,1,10,0,0.09090909090909091,1.0,0.16666666666666666,0.09090909090909091,True,IRLS step tolerance,77,118.13252070901217,118.17175816799863,"[4.328633782946242, 0.00033602355528693955, 0.0, 0.0, 0.0, 0.0, 0.0, 0.0, -152.71290966845555, -0.3070595226678413, 0.0, 0.0, 0.0, 0.0, 0.0, 0.0, 0.0, 0.0, 0.0, 0.0, 0.0, 0.0, 0.0, 0.0, 0.3202679599759275, 0.0, 0.0, 0.0, 0.0, 25736360.42684804, 0.0, 0.0, 0.0, 0.0, 0.0, 0.0, 0.0, -223576.21675647047, 0.0, 0.0, 0.0, 1.1497074263178627e-06, 0.0, 154073597024.8521, -67731537.96661472, 0.0, 0.0, 0.0, 8.44326089647369e-06]","[0, 1, 8, 9, 24, 29, 37, 41, 43, 44, 48]"
burgers,256×256,0.2,139.9403436083024,2,WENDy-MLE HT,1.0000000000000202,1.0,True,False,0,1,1,0.0,0.0,0.0,0.0,False,Desired error not necessarily achieved due to precision loss.,121,462.86041041699355,462.89964787598,"[0.0, 0.0, 0.0, 0.0, 0.0, 0.0, 0.0, 0.0, 0.0, 0.0, 0.0, 0.0, 1.0088436063848794e-07, 0.0, 0.0, 0.0, 0.0, 0.0, 0.0, 0.0, 0.0, 0.0, 0.0, 0.0, 0.0, 0.0, 0.0, 0.0, 0.0, 0.0, 0.0, 0.0, 0.0, 0.0, 0.0, 0.0, 0.0, 0.0, 0.0, 0.0, 0.0, 0.0, 0.0, 0.0, 0.0, 0.0, 0.0, 0.0, 0.0]",[12]
burgers,256×256,0.2,139.9403436083024,2,WENDy-MLE L1=1e-06,28138067861931.824,35.83181817915664,True,False,1,42,0,0.023255813953488372,1.0,0.045454545454545456,0.023255813953488372,True,CONVERGENCE: RELATIVE REDUCTION OF F <= FACTR*EPSMCH,206,1222.9080832090112,1222.9473206679977,"[-237.94379065003375, 4.230489981958609, 0.005651973736755887, -6.692369675451306e-05, 1.0666841659643751e-07, -6.00088164019279e-11, 1.0592991680955727e-14, 0.0, 794.1613530984974, 17.41590908957832, -0.02914892982816106, -4.9090927313649885e-05, 1.0130008114895227e-07, -4.1774272244493825e-11, 0.0, 614339.6229566181, 3774.5765553492215, -8.765883590379365, -0.006628666066553137, 1.9443490499570702e-05, -8.435666778477927e-09, 0.0, 91099297.84578028, 2126254.5882274057, -3530.3232412653674, -5.097744675889406, 0.010883537486827015, -4.478680967774453e-06, 0.0, 33065776000.194557, 300808282.9729665, -508189.7982248137, -834.3835507694841, 1.6990301881385919, -0.0006902787586981277, 0.0, 3303383080018.358, 57531106971.99358, -91167396.01094316, -157139.35313833103, 314.53288741229954, -0.1274728352200272, 0.0, -11453099708898.984, 7473115641379.314, -4729054528.488109, -32224065.100789495, 46867.489008631244, -17.36758898583502]","[0, 1, 2, 3, 4, 5, 6, 8, 9, 10, 11, 12, 13, 15, 16, 17, 18, 19, 20, 22, 23, 24, 25, 26, 27, 29, 30, 31, 32, 33, 34, 36, 37, 38, 39, 40, 41, 43, 44, 45, 46, 47, 48]"
burgers,256×256,0.2,139.9403436083024,2,WENDy-MLE L1=0.0001,inf,inf,False,False,nan,nan,nan,nan,nan,nan,nan,False,492-th leading minor of the array is not positive definite,0,41.84440358300344,41.883641041989904,"[NaN, NaN, NaN, NaN, NaN, NaN, NaN, NaN, NaN, NaN, NaN, NaN, NaN, NaN, NaN, NaN, NaN, NaN, NaN, NaN, NaN, NaN, NaN, NaN, NaN, NaN, NaN, NaN, NaN, NaN, NaN, NaN, NaN, NaN, NaN, NaN, NaN, NaN, NaN, NaN, NaN, NaN, NaN, NaN, NaN, NaN, NaN, NaN, NaN]",[]
burgers,256×256,0.2,139.9403436083024,2,WENDy-MLE L1=0.01,inf,inf,False,False,nan,nan,nan,nan,nan,nan,nan,False,627-th leading minor of the array is not positive definite,0,24.307736542017665,24.346974001004128,"[NaN, NaN, NaN, NaN, NaN, NaN, NaN, NaN, NaN, NaN, NaN, NaN, NaN, NaN, NaN, NaN, NaN, NaN, NaN, NaN, NaN, NaN, NaN, NaN, NaN, NaN, NaN, NaN, NaN, NaN, NaN, NaN, NaN, NaN, NaN, NaN, NaN, NaN, NaN, NaN, NaN, NaN, NaN, NaN, NaN, NaN, NaN, NaN, NaN]",[]
kdv,400×601,0.0,0.0,0,WSINDy,2.8432149028104574e-07,3.135150850042123e-07,True,True,2,0,0,1.0,1.0,1.0,1.0,True,MSTLS support stable,2,0.007230792019981891,0.17780991701874882,"[0.0, 0.0, 0.0, 0.0, 0.0, 0.0, 0.0, 0.0, 0.0, -0.49999994749591664, 0.0, 0.0, 0.0, 0.0, 0.0, 0.0, 0.0, 0.0, 0.0, 0.0, 0.0, 0.0, -1.000000313515085, 0.0, 0.0, 0.0, 0.0, 0.0, 0.0, 0.0, 0.0, 0.0, 0.0, 0.0, 0.0, 0.0, 0.0, 0.0, 0.0, 0.0, 0.0, 0.0, 0.0, 0.0, 0.0, 0.0, 0.0, 0.0, 0.0]","[9, 22]"
kdv,400×601,0.0,0.0,0,WENDy HT,3.563780215307778e-07,5.331870009950279e-07,True,True,2,0,0,1.0,1.0,1.0,1.0,True,IRLS step tolerance,1,0.0023645829933229834,0.1729437079920899,"[0.0, 0.0, 0.0, 0.0, 0.0, 0.0, 0.0, 0.0, 0.0, -0.4999997334064995, 0.0, 0.0, 0.0, 0.0, 0.0, 0.0, 0.0, 0.0, 0.0, 0.0, 0.0, 0.0, -1.0000002961157262, 0.0, 0.0, 0.0, 0.0, 0.0, 0.0, 0.0, 0.0, 0.0, 0.0, 0.0, 0.0, 0.0, 0.0, 0.0, 0.0, 0.0, 0.0, 0.0, 0.0, 0.0, 0.0, 0.0, 0.0, 0.0, 0.0]","[9, 22]"
kdv,400×601,0.0,0.0,0,WENDy L1=1e-06,0.00045262253438223786,0.0002159737081114388,True,False,2,6,0,0.25,1.0,0.4,0.25,True,IRLS step tolerance,6,0.004945749999023974,0.1755248749977909,"[0.0, 0.0, 0.0, 0.0, 0.0, 0.0, 0.0, 0.0, -0.0004575899575191943, -0.499993010120427, -4.444128983463815e-10, -2.4405640864491397e-13, -1.5057715622696222e-16, -1.035978184158673e-19, 0.0, 0.0, 0.0, 0.0, 0.0, 0.0, 0.0, 0.0, -0.9997840262918886, 0.0, 0.0, 0.0, 0.0, 0.0, 0.0, 0.0, 0.0, 0.0, 0.0, 0.0, 0.0, 0.0, 1.3704210246762924e-06, 0.0, 0.0, 0.0, 0.0, 0.0, 0.0, 0.0, 0.0, 0.0, 0.0, 0.0, 0.0]","[8, 9, 10, 11, 12, 13, 22, 36]"
kdv,400×601,0.0,0.0,0,WENDy L1=0.0001,0.24674333918963282,0.021968946414726465,True,False,2,3,0,0.4,1.0,0.5714285714285714,0.4,True,IRLS step tolerance,2,0.007397917011985555,0.17797704201075248,"[0.0, 0.0, 0.0, 0.0, 0.0, 0.0, 0.0, 0.0, -0.2749878645570233, -0.49863429659037106, -4.97268769808602e-07, 0.0, 0.0, 0.0, 0.0, 0.0, 0.0, 0.0, 0.0, 0.0, 0.0, 0.0, -0.9780310535852735, 0.0, 0.0, 0.0, 0.0, 0.0, 0.0, 0.0, 0.0, 0.0, 0.0, 0.0, 0.0, 0.0, 0.00013742928176835152, 0.0, 0.0, 0.0, 0.0, 0.0, 0.0, 0.0, 0.0, 0.0, 0.0, 0.0, 0.0]","[8, 9, 10, 22, 36]"
kdv,400×601,0.0,0.0,0,WENDy L1=0.01,14.466113979062332,1.0,True,False,1,3,1,0.25,0.5,0.3333333333333333,0.2,True,IRLS step tolerance,2,0.006579167005838826,0.17715829200460576,"[0.0, 0.0, 0.0, 0.0, 0.0, 0.0, 0.0, 0.0, -16.14257423580895, -0.4466599681141658, 0.0, 0.0, 0.0, -2.425135672198833e-15, 0.0, 0.0, 0.0, 0.0, 0.0, 0.0, 0.0, 0.0, 0.0, 0.0, 0.0, 0.0, 0.0, 0.0, 0.0, 0.0, 0.0, 0.0, 0.0, 0.0, 0.0, 0.0, 0.004353323309679201, 0.0, 0.0, 0.0, 0.0, 0.0, 0.0, 0.0, 0.0, 0.0, 0.0, 0.0, 0.0]","[8, 9, 13, 36]"
kdv,400×601,0.0,0.0,0,WENDy-MLE HT,3.563780215307778e-07,5.331870009950279e-07,True,True,2,0,0,1.0,1.0,1.0,1.0,True,IRLS step tolerance,1,0.002291582990437746,0.17287070798920467,"[0.0, 0.0, 0.0, 0.0, 0.0, 0.0, 0.0, 0.0, 0.0, -0.4999997334064995, 0.0, 0.0, 0.0, 0.0, 0.0, 0.0, 0.0, 0.0, 0.0, 0.0, 0.0, 0.0, -1.0000002961157262, 0.0, 0.0, 0.0, 0.0, 0.0, 0.0, 0.0, 0.0, 0.0, 0.0, 0.0, 0.0, 0.0, 0.0, 0.0, 0.0, 0.0, 0.0, 0.0, 0.0, 0.0, 0.0, 0.0, 0.0, 0.0, 0.0]","[9, 22]"
kdv,400×601,0.0,0.0,0,WENDy-MLE L1=1e-06,0.00045262253438223786,0.0002159737081114388,True,False,2,6,0,0.25,1.0,0.4,0.25,True,IRLS step tolerance,6,0.004666666995035484,0.1752457919938024,"[0.0, 0.0, 0.0, 0.0, 0.0, 0.0, 0.0, 0.0, -0.0004575899575191943, -0.499993010120427, -4.444128983463815e-10, -2.4405640864491397e-13, -1.5057715622696222e-16, -1.035978184158673e-19, 0.0, 0.0, 0.0, 0.0, 0.0, 0.0, 0.0, 0.0, -0.9997840262918886, 0.0, 0.0, 0.0, 0.0, 0.0, 0.0, 0.0, 0.0, 0.0, 0.0, 0.0, 0.0, 0.0, 1.3704210246762924e-06, 0.0, 0.0, 0.0, 0.0, 0.0, 0.0, 0.0, 0.0, 0.0, 0.0, 0.0, 0.0]","[8, 9, 10, 11, 12, 13, 22, 36]"
kdv,400×601,0.0,0.0,0,WENDy-MLE L1=0.0001,0.24674333918963282,0.021968946414726465,True,False,2,3,0,0.4,1.0,0.5714285714285714,0.4,True,IRLS step tolerance,2,0.007290667010238394,0.17786979200900532,"[0.0, 0.0, 0.0, 0.0, 0.0, 0.0, 0.0, 0.0, -0.2749878645570233, -0.49863429659037106, -4.97268769808602e-07, 0.0, 0.0, 0.0, 0.0, 0.0, 0.0, 0.0, 0.0, 0.0, 0.0, 0.0, -0.9780310535852735, 0.0, 0.0, 0.0, 0.0, 0.0, 0.0, 0.0, 0.0, 0.0, 0.0, 0.0, 0.0, 0.0, 0.00013742928176835152, 0.0, 0.0, 0.0, 0.0, 0.0, 0.0, 0.0, 0.0, 0.0, 0.0, 0.0, 0.0]","[8, 9, 10, 22, 36]"
kdv,400×601,0.0,0.0,0,WENDy-MLE L1=0.01,14.466113979062332,1.0,True,False,1,3,1,0.25,0.5,0.3333333333333333,0.2,True,IRLS step tolerance,2,0.006602375011425465,0.1771815000101924,"[0.0, 0.0, 0.0, 0.0, 0.0, 0.0, 0.0, 0.0, -16.14257423580895, -0.4466599681141658, 0.0, 0.0, 0.0, -2.425135672198833e-15, 0.0, 0.0, 0.0, 0.0, 0.0, 0.0, 0.0, 0.0, 0.0, 0.0, 0.0, 0.0, 0.0, 0.0, 0.0, 0.0, 0.0, 0.0, 0.0, 0.0, 0.0, 0.0, 0.004353323309679201, 0.0, 0.0, 0.0, 0.0, 0.0, 0.0, 0.0, 0.0, 0.0, 0.0, 0.0, 0.0]","[8, 9, 13, 36]"
kdv,400×601,0.2,54.89147646864822,0,WSINDy,0.005102135512476763,0.005704103994646381,True,True,2,0,0,1.0,1.0,1.0,1.0,True,MSTLS support stable,5,0.013657041010446846,0.17346162503235973,"[0.0, 0.0, 0.0, 0.0, 0.0, 0.0, 0.0, 0.0, 0.0, -0.5000541396606458, 0.0, 0.0, 0.0, 0.0, 0.0, 0.0, 0.0, 0.0, 0.0, 0.0, 0.0, 0.0, -1.0057041039946464, 0.0, 0.0, 0.0, 0.0, 0.0, 0.0, 0.0, 0.0, 0.0, 0.0, 0.0, 0.0, 0.0, 0.0, 0.0, 0.0, 0.0, 0.0, 0.0, 0.0, 0.0, 0.0, 0.0, 0.0, 0.0, 0.0]","[9, 22]"
kdv,400×601,0.2,54.89147646864822,0,WENDy HT,1.0000000000030629,1.0,True,False,0,2,2,0.0,0.0,0.0,0.0,False,IRLS iteration limit,300,677.9241135000193,678.0839180840412,"[0.0, 0.0, 0.0, 0.0, 0.0, 0.0, 0.0, 0.0, 0.0, 0.0, 0.0, 2.7671857159673636e-06, -1.629432101473264e-09, 0.0, 0.0, 0.0, 0.0, 0.0, 0.0, 0.0, 0.0, 0.0, 0.0, 0.0, 0.0, 0.0, 0.0, 0.0, 0.0, 0.0, 0.0, 0.0, 0.0, 0.0, 0.0, 0.0, 0.0, 0.0, 0.0, 0.0, 0.0, 0.0, 0.0, 0.0, 0.0, 0.0, 0.0, 0.0, 0.0]","[11, 12]"
kdv,400×601,0.2,54.89147646864822,0,WENDy L1=1e-06,23.028833661668717,0.628484709123682,True,False,2,34,0,0.05555555555555555,1.0,0.10526315789473684,0.05555555555555555,False,IRLS iteration limit,300,751.7127972920134,751.8726018760353,"[11.356552571395994, 0.46538223976682064, 0.0, -3.1468310777462693e-07, -2.9622684471696767e-10, -1.5563647918332008e-13, 0.0, 0.0, -23.093149319493392, -0.43131897561307025, -3.5877628047491416e-05, 0.0, 0.0, 0.0, 0.0, -0.16687597361178172, -7.309654210061469e-08, 0.0, 0.0, -3.927601832730138e-19, -9.940803105700917e-18, 0.0, -0.37151529087631796, -0.0015338803632908972, 8.796443413830594e-07, 4.665431586233137e-11, 1.5706523703679512e-13, -1.6286769442229028e-16, 0.0, -0.0014335937550872381, -3.1259413863838877e-07, -3.0757872058804515e-10, 1.5845699847845905e-16, 7.378850960549421e-19, 7.098697260272025e-20, 0.0, 0.00047874960607508963, -2.7440709066858233e-05, 1.0911967478663754e-07, -1.6762736238194427e-10, 1.0707881045551828e-13, -2.3908700760129204e-17, 0.0, 1.0666217714588839e-05, 5.555057009023564e-09, -1.890367146807423e-10, 3.9073747741656077e-13, -2.823120823385878e-16, 6.747946791706166e-20]","[0, 1, 3, 4, 5, 8, 9, 10, 15, 16, 19, 20, 22, 23, 24, 25, 26, 27, 29, 30, 31, 32, 33, 34, 36, 37, 38, 39, 40, 41, 43, 44, 45, 46, 47, 48]"
kdv,400×601,0.2,54.89147646864822,0,WENDy L1=0.0001,84.97150405619266,0.33867985420562285,True,False,2,35,0,0.05405405405405406,1.0,0.10256410256410256,0.05405405405405406,False,L1 subproblem: STOP: TOTAL NO. OF ITERATIONS REACHED LIMIT,1,3.9755659170041326,4.1353705010260455,"[69.71619739026397, -4.047827879793304, -0.00021396528485549386, 1.8240384477351204e-08, 0.0, 0.0, -4.447542152464467e-16, 0.0, -64.40424662828869, -0.3306600728971886, -7.813000469856422e-05, -2.705140751878799e-09, -6.781227832759825e-14, 0.0, 0.0, -0.7108162810525948, -7.144979411082847e-06, -6.334086786900894e-09, 0.0, 0.0, 0.0, 0.0, -0.8533064365010764, 9.655448288657999e-06, 3.314042312389547e-08, 1.2064128201915256e-11, 1.192703623043387e-15, -4.9976295322124795e-17, 0.0, -0.009828957455794221, 1.608038182179775e-06, 5.469047044755121e-09, -6.661144210116037e-12, 1.059060259498072e-15, 7.127133384724756e-19, 0.0, -0.001626026533250294, -3.159864610842475e-05, 1.676914578027218e-07, -2.8284561107655127e-10, 1.878848949035323e-13, -4.2773359188315724e-17, 0.0, -3.2410281261351926e-05, 4.386579700264498e-07, -1.6126895379147366e-09, 2.233630313083453e-12, -1.309947590506956e-15, 2.7473374964518136e-19]","[0, 1, 2, 3, 6, 8, 9, 10, 11, 12, 15, 16, 17, 22, 23, 24, 25, 26, 27, 29, 30, 31, 32, 33, 34, 36, 37, 38, 39, 40, 41, 43, 44, 45, 46, 47, 48]"
kdv,400×601,0.2,54.89147646864822,0,WENDy L1=0.01,579.8792772972882,1.0,True,False,1,5,1,0.16666666666666666,0.5,0.25,0.14285714285714285,True,IRLS step tolerance,31,59.40608041701489,59.565885001036804,"[-647.8848071130559, -0.2591195585651195, 0.0, 0.0, 0.0, 0.0, 0.0, 0.0, -23.85737112216799, -0.4245026529213221, 0.0, 0.0, 0.0, 0.0, 0.0, 0.0, 0.0, 0.0, 0.0, 0.0, 0.0, 0.0, 0.0, 0.0, 0.0, 0.0, 0.0, 0.0, 0.0, 0.0, 0.0, 0.0, 0.0, 0.0, 0.0, 0.0, 0.003309710259267754, 0.0, 0.0, 0.0, -1.0310123383871076e-16, 0.0, 0.0, 0.0, 0.0, 0.0, 0.0, 0.0, 0.0]","[0, 1, 8, 9, 36, 40]"
kdv,400×601,0.2,54.89147646864822,0,WENDy-MLE HT,1.0000000000038411,1.0,True,False,0,2,2,0.0,0.0,0.0,0.0,False,Desired error not necessarily achieved due to precision loss.,294,1752.2462642080209,1752.4060687920428,"[0.0, 0.0, 0.0, 0.0, 0.0, 0.0, 0.0, 0.0, 0.0, 0.0, 0.0, 3.098876355705438e-06, -1.7896401138905385e-09, 0.0, 0.0, 0.0, 0.0, 0.0, 0.0, 0.0, 0.0, 0.0, 0.0, 0.0, 0.0, 0.0, 0.0, 0.0, 0.0, 0.0, 0.0, 0.0, 0.0, 0.0, 0.0, 0.0, 0.0, 0.0, 0.0, 0.0, 0.0, 0.0, 0.0, 0.0, 0.0, 0.0, 0.0, 0.0, 0.0]","[11, 12]"
kdv,400×601,0.2,54.89147646864822,0,WENDy-MLE L1=1e-06,4532.054225848578,1.3006412210826033,True,False,2,41,0,0.046511627906976744,1.0,0.08888888888888889,0.046511627906976744,False,STOP: TOTAL NO. OF ITERATIONS REACHED LIMIT,300,1632.4266556249931,1632.586460209015,"[5066.543433276424, -64.59301548015718, -1.605121167176862, 0.006981497810058448, -9.416986462146924e-06, 5.085954516966933e-09, -9.570799633565808e-13, 0.0, 18.705649014154766, -0.8883831757665259, 0.0015559708807649439, -2.2820042174763682e-06, 1.3654827790771776e-09, -2.8418280578654986e-13, 0.0, 2.3319891079859745, -0.03739178538459705, 9.319900442595345e-05, -7.748273193448198e-08, 2.1293043159380327e-11, -5.277070168456093e-16, 0.0, 0.3006412210826033, -0.020413952403811036, 7.550226656937902e-05, -1.0745335505240073e-07, 6.397387854585198e-11, -1.3419157207650685e-14, 0.0, -0.05760662711414117, 0.0001935416710698987, -5.982870747069347e-07, 9.787969562143058e-10, -6.649864028429171e-13, 1.5296724232961e-16, 0.0, 0.005333876750959362, -7.009654355123789e-05, 2.6370905680983887e-07, -3.8364604804531456e-10, 2.317309383798247e-13, -4.903845119761792e-17, 0.0, -0.0005687338543959438, 2.3482150159488863e-06, -4.754986504338439e-09, 4.743500543303829e-12, -2.240319626265084e-15, 3.9791845819876396e-19]","[0, 1, 2, 3, 4, 5, 6, 8, 9, 10, 11, 12, 13, 15, 16, 17, 18, 19, 20, 22, 23, 24, 25, 26, 27, 29, 30, 31, 32, 33, 34, 36, 37, 38, 39, 40, 41, 43, 44, 45, 46, 47, 48]"
kdv,400×601,0.2,54.89147646864822,0,WENDy-MLE L1=0.0001,1970.4047622499222,2.5547718902117365,True,False,2,41,0,0.046511627906976744,1.0,0.08888888888888889,0.046511627906976744,False,STOP: TOTAL NO. OF ITERATIONS REACHED LIMIT,300,2113.2997502909857,2113.4595548750076,"[-2156.850165784213, -398.2214822997852, 0.6428609974266546, 0.0030127823121391616, -5.829021071895137e-06, 2.480529604188757e-09, -3.8761240311174105e-14, 0.0, -206.1945202010112, -0.06734160929820902, -9.819061049882628e-05, 1.1470677421452455e-09, -1.9525571549821326e-11, -1.9191651510868e-14, 0.0, -3.514208438891996, 0.020344075817940642, -5.272276676834306e-06, -1.4267451176757763e-10, -2.7012879474403495e-12, -2.3172155970727397e-17, 0.0, -3.5547718902117365, -0.007680701694684061, 6.753888807714514e-05, -1.0317224573425373e-07, 6.060454242472996e-11, -1.2657700483973105e-14, 0.0, 0.11250726679814477, 1.0263468265257847e-05, -4.696877856954149e-07, 8.370878368219809e-10, -5.866424755953346e-13, 1.440657753288533e-16, 0.0, 0.0444557977592193, -8.502304893090538e-05, 2.4791326302828876e-07, -3.8120398205267793e-10, 2.304651721472194e-13, -4.621137908127903e-17, 0.0, -0.001425673834003474, 2.8744633919962556e-06, -3.9533635317583456e-09, 4.634887394924023e-12, -2.229668063824703e-15, 2.2399333940686615e-19]","[0, 1, 2, 3, 4, 5, 6, 8, 9, 10, 11, 12, 13, 15, 16, 17, 18, 19, 20, 22, 23, 24, 25, 26, 27, 29, 30, 31, 32, 33, 34, 36, 37, 38, 39, 40, 41, 43, 44, 45, 46, 47, 48]"
kdv,400×601,0.2,54.89147646864822,0,WENDy-MLE L1=0.01,696.3545825643175,1.0,True,False,1,16,1,0.058823529411764705,0.5,0.10526315789473684,0.05555555555555555,False,STOP: TOTAL NO. OF ITERATIONS REACHED LIMIT,300,1877.6734182910004,1877.8332228750223,"[-777.5998525604972, 0.0, 0.0, 0.0, 0.0, 0.0, 0.0, 0.0, -38.400345335337924, -0.38344474405730644, -8.924665451795146e-07, 0.0, -6.179168706615857e-13, -3.766701862999155e-15, 0.0, 0.0, 0.0, 0.0, 0.0, 0.0, 0.0, 0.0, 0.0, 0.0, 0.0, 0.0, 0.0, 0.0, 0.0, 0.0, 0.0, 0.0, 0.0, 0.0, 0.0, 0.0, 0.0037146170076945957, -1.8449596606447937e-07, -1.1312686812443908e-10, -4.224123289259294e-14, -1.7249163823955232e-17, -1.0011806852064386e-20, 0.0, 0.0, 2.6264700422952217e-10, 2.377253918054272e-13, 1.4809838385731213e-16, -2.348958035315706e-19, 5.897898612981843e-23]","[0, 8, 9, 10, 12, 13, 36, 37, 38, 39, 40, 41, 44, 45, 46, 47, 48]"
kdv,400×601,0.2,54.89147646864822,1,WSINDy,0.8947103149704527,1.0,True,False,1,0,1,1.0,0.5,0.6666666666666666,0.5,True,MSTLS support stable,3,0.010926499991910532,0.1310222499887459,"[0.0, 0.0, 0.0, 0.0, 0.0, 0.0, 0.0, 0.0, 0.0, -0.4748368395633873, 0.0, 0.0, 0.0, 0.0, 0.0, 0.0, 0.0, 0.0, 0.0, 0.0, 0.0, 0.0, 0.0, 0.0, 0.0, 0.0, 0.0, 0.0, 0.0, 0.0, 0.0, 0.0, 0.0, 0.0, 0.0, 0.0, 0.0, 0.0, 0.0, 0.0, 0.0, 0.0, 0.0, 0.0, 0.0, 0.0, 0.0, 0.0, 0.0]",[9]
kdv,400×601,0.2,54.89147646864822,1,WENDy HT,1.0000000000001048,1.0,True,False,0,2,2,0.0,0.0,0.0,0.0,False,IRLS iteration limit,300,486.7389056669781,486.85900141697493,"[0.0, 0.0, 0.0, 0.0, 0.0, 0.0, 0.0, 0.0, 0.0, 0.0, 0.0, 5.122076323726489e-07, -3.795049266992704e-10, 0.0, 0.0, 0.0, 0.0, 0.0, 0.0, 0.0, 0.0, 0.0, 0.0, 0.0, 0.0, 0.0, 0.0, 0.0, 0.0, 0.0, 0.0, 0.0, 0.0, 0.0, 0.0, 0.0, 0.0, 0.0, 0.0, 0.0, 0.0, 0.0, 0.0, 0.0, 0.0, 0.0, 0.0, 0.0, 0.0]","[11, 12]"
kdv,400×601,0.2,54.89147646864822,1,WENDy L1=1e-06,164.99271354297187,0.05543950787308349,True,False,2,38,0,0.05,1.0,0.09523809523809523,0.05,False,IRLS iteration limit,300,492.1002909579838,492.22038670798065,"[183.9784860388344, 8.400091257601341, -0.009403076484059816, 1.4907779675887325e-09, 6.0407374564512544e-12, 0.0, 2.820305862292705e-17, 0.0, -10.46865076959357, -0.47228024606345825, -1.5323217744239698e-05, 0.0, 3.411477521231789e-16, 3.561754522301023e-16, 0.0, 0.05949384753357504, -2.2082578892479284e-05, -1.0693419360991023e-13, -1.0087521457190755e-11, -1.6071725278009473e-15, -6.85702833288771e-23, 0.0, -1.049961924521912, -2.7135469685661797e-05, 1.5987819541059683e-07, -1.6330647691066528e-12, -5.0000983168990655e-14, -2.6535670886226203e-19, 0.0, 0.0005150849057137234, -1.2434415811127542e-07, -7.329337629625662e-10, 0.0, 5.783220740484991e-16, -2.1484963864286125e-19, 0.0, -0.0016872879976424296, 4.383975487966505e-06, -4.742254702109268e-09, 9.690507591148918e-13, 1.2949171559946529e-15, -5.5320030955955835e-19, 0.0, 1.0210950555021269e-06, -3.673545426164385e-08, 1.4178105754358694e-10, -2.0808169275822188e-13, 1.2684425876867954e-16, -2.7090861533545664e-20]","[0, 1, 2, 3, 4, 6, 8, 9, 10, 12, 13, 15, 16, 17, 18, 19, 20, 22, 23, 24, 25, 26, 27, 29, 30, 31, 33, 34, 36, 37, 38, 39, 40, 41, 43, 44, 45, 46, 47, 48]"
kdv,400×601,0.2,54.89147646864822,1,WENDy L1=0.0001,62.92028332592431,0.5724472175582889,True,False,2,39,0,0.04878048780487805,1.0,0.09302325581395349,0.04878048780487805,False,L1 subproblem: STOP: TOTAL NO. OF ITERATIONS REACHED LIMIT,1,3.487418832984986,3.607514582981821,"[-60.296865461143256, 31.3682304573327, 0.0013186081546219903, -4.614153583702233e-05, -5.00927854142511e-09, -4.896127842225059e-13, 7.385808774958246e-15, 0.0, -18.126198592113358, -0.4288068543080411, -3.6691457957157844e-05, -8.766346483088081e-10, 0.0, 3.7722945857788434e-19, 0.0, 0.3595062650833476, 2.434197753570006e-07, 0.0, 8.67677352680089e-12, -5.060193754912384e-14, -1.382464709736575e-16, 0.0, -0.4275527824417111, -0.0003053341218786633, -3.2958979677957634e-08, -4.548375493522851e-13, -4.505415546169786e-16, -1.7256881760592883e-20, 0.0, -0.05999380869736117, 8.110484556880511e-05, -3.311160338071783e-09, -2.689269229849745e-12, -1.2875349777364561e-14, 3.497520611269166e-19, 0.0, 0.003782896332131257, -1.823039215632538e-05, 5.726050935571061e-08, -7.937086287864219e-11, 4.670368278381812e-14, -9.712956150574303e-18, 0.0, -0.0009791366837150403, 1.877263090390938e-06, 1.238223877115276e-09, -6.208025868193555e-12, 5.036095472869543e-15, -1.2285890212674771e-18]","[0, 1, 2, 3, 4, 5, 6, 8, 9, 10, 11, 13, 15, 16, 18, 19, 20, 22, 23, 24, 25, 26, 27, 29, 30, 31, 32, 33, 34, 36, 37, 38, 39, 40, 41, 43, 44, 45, 46, 47, 48]"
kdv,400×601,0.2,54.89147646864822,1,WENDy L1=0.01,445.0954081242775,1.0,True,False,1,5,1,0.16666666666666666,0.5,0.25,0.14285714285714285,True,IRLS step tolerance,27,45.44031604198972,45.56041179198655,"[-497.07282272853433, -0.24786069801117133, 0.0, 0.0, 0.0, 0.0, 0.0, 0.0, -23.557265185411524, -0.4249500647792489, 0.0, 0.0, 0.0, 0.0, 0.0, 0.0, 0.0, 0.0, 0.0, 0.0, 0.0, 0.0, 0.0, 0.0, 0.0, 0.0, 0.0, 0.0, 0.0, 0.0, 0.0, 0.0, 0.0, 0.0, 0.0, 0.0, 0.0033014200504073543, 0.0, 0.0, 0.0, -1.0381764498257337e-16, 0.0, 0.0, 0.0, 0.0, 0.0, 0.0, 0.0, 0.0]","[0, 1, 8, 9, 36, 40]"
kdv,400×601,0.2,54.89147646864822,1,WENDy-MLE HT,1.0000000000005052,1.0,True,False,0,2,2,0.0,0.0,0.0,0.0,False,Desired error not necessarily achieved due to precision loss.,276,1414.6312228339957,1414.7513185839925,"[0.0, 0.0, 0.0, 0.0, 0.0, 0.0, 0.0, 0.0, 0.0, 0.0, 0.0, 1.1236530122186177e-06, -7.146153140024953e-10, 0.0, 0.0, 0.0, 0.0, 0.0, 0.0, 0.0, 0.0, 0.0, 0.0, 0.0, 0.0, 0.0, 0.0, 0.0, 0.0, 0.0, 0.0, 0.0, 0.0, 0.0, 0.0, 0.0, 0.0, 0.0, 0.0, 0.0, 0.0, 0.0, 0.0, 0.0, 0.0, 0.0, 0.0, 0.0, 0.0]","[11, 12]"
kdv,400×601,0.2,54.89147646864822,1,WENDy-MLE L1=1e-06,2670.96307184897,1.3697517988187893,True,False,2,41,0,0.046511627906976744,1.0,0.08888888888888889,0.046511627906976744,True,CONVERGENCE: RELATIVE REDUCTION OF F <= FACTR*EPSMCH,272,1589.6285435840255,1589.7486393340223,"[-2974.148539886797, 267.9587119038453, 1.0209019567399031, -0.006609442114372661, 9.093121146534272e-06, -4.614651549294769e-09, 7.733029500404729e-13, 0.0, 13.79736850023281, 0.1848758994093946, -0.0027512158931501784, 3.6047239269167515e-06, -1.930850366392544e-09, 3.653661610758214e-13, 0.0, 0.0831388983051245, 0.059626101758298994, -0.00022272242602668993, 2.466955391544776e-07, -9.56038845453224e-11, 9.159795892825139e-15, 0.0, 0.1641216332424375, -0.004650824505465717, 7.971002179479693e-06, -8.763720482964957e-09, 5.307032512873241e-12, -1.2198660188019376e-15, 0.0, -0.10441988196073185, 0.0007007336772779522, -1.4931929165673385e-06, 8.510016034238751e-10, 1.5750615379872867e-13, -1.5851137215497998e-16, 0.0, 0.00911632429637073, -4.825690067007209e-05, 1.1049905039753622e-07, -1.2330977512138045e-10, 6.480274192939685e-14, -1.2726573720298609e-17, 0.0, -0.0005134265779909234, 1.183773419414259e-06, 1.1368305957774716e-09, -6.245049287138909e-12, 5.7619166069446985e-15, -1.5598827926359346e-18]","[0, 1, 2, 3, 4, 5, 6, 8, 9, 10, 11, 12, 13, 15, 16, 17, 18, 19, 20, 22, 23, 24, 25, 26, 27, 29, 30, 31, 32, 33, 34, 36, 37, 38, 39, 40, 41, 43, 44, 45, 46, 47, 48]"
kdv,400×601,0.2,54.89147646864822,1,WENDy-MLE L1=0.0001,8595.983064019874,1.326942154960698,True,False,2,41,0,0.046511627906976744,1.0,0.08888888888888889,0.046511627906976744,False,STOP: TOTAL NO. OF ITERATIONS REACHED LIMIT,300,1969.4633528749982,1969.583448624995,"[9556.147383610678, 1020.9960138324178, -2.463972192022988, -0.001025991452379351, 3.58783583007059e-06, -1.329500106860709e-09, -2.098384755483137e-14, 0.0, -34.9161411345036, -0.5210313604037724, 5.743146446013745e-05, 7.0744434109807e-10, 2.668498218035635e-13, -5.5890950066237575e-15, 0.0, 6.582110573437588, -0.011775215647420489, 3.7443063499800696e-07, -2.756697998253288e-09, 1.151248719254814e-13, 2.2160372007534443e-15, 0.0, -2.326942154960698, 0.0031180120017669727, -5.211628970652556e-07, -2.943350535668029e-09, 9.614647047766115e-13, 3.558888583302849e-16, 0.0, 0.2729058065766653, -3.317131273784048e-07, -9.160148963563431e-07, 6.638405776076293e-10, 3.573313479433426e-14, -7.750331140422843e-17, 0.0, 0.022352393940157107, -4.642473431360487e-05, 8.940487305703737e-08, -1.2047664821440057e-10, 6.384889665013026e-14, -9.666240266362918e-18, 0.0, 0.0001243846059741749, 7.53936471165021e-07, 7.513888574330015e-10, -5.896494235383861e-12, 5.5570008948693126e-15, -1.4642686605941895e-18]","[0, 1, 2, 3, 4, 5, 6, 8, 9, 10, 11, 12, 13, 15, 16, 17, 18, 19, 20, 22, 23, 24, 25, 26, 27, 29, 30, 31, 32, 33, 34, 36, 37, 38, 39, 40, 41, 43, 44, 45, 46, 47, 48]"
kdv,400×601,0.2,54.89147646864822,1,WENDy-MLE L1=0.01,429.560464617737,1.0,True,False,1,7,1,0.125,0.5,0.2,0.1111111111111111,False,STOP: TOTAL NO. OF ITERATIONS REACHED LIMIT,300,1854.760332875012,1854.8804286250088,"[-479.6130350689134, 0.0, 0.0, 0.0, 0.0, 0.0, 0.0, 0.0, -24.96132518345479, -0.40110812743803914, 0.0, 0.0, 0.0, -3.2468987127645593e-15, 0.0, 0.0, 0.0, 0.0, 0.0, 0.0, 0.0, 0.0, 0.0, 0.0, 0.0, 0.0, 0.0, 0.0, 0.0, 0.0, 0.0, 0.0, 0.0, 0.0, 0.0, 0.0, 0.0032750989706020962, 0.0, 0.0, -3.9399252632797186e-14, -3.131876883951968e-17, -2.2070002551913434e-20, 0.0, 0.0, 0.0, 0.0, 0.0, 0.0, 0.0]","[0, 8, 9, 13, 36, 39, 40, 41]"
kdv,400×601,0.2,54.89147646864822,2,WSINDy,0.007785426316495532,0.008701474909834861,True,True,2,0,0,1.0,1.0,1.0,1.0,True,MSTLS support stable,4,0.014171874994644895,0.1331957499787677,"[0.0, 0.0, 0.0, 0.0, 0.0, 0.0, 0.0, 0.0, 0.0, -0.49977547148178714, 0.0, 0.0, 0.0, 0.0, 0.0, 0.0, 0.0, 0.0, 0.0, 0.0, 0.0, 0.0, -0.9912985250901651, 0.0, 0.0, 0.0, 0.0, 0.0, 0.0, 0.0, 0.0, 0.0, 0.0, 0.0, 0.0, 0.0, 0.0, 0.0, 0.0, 0.0, 0.0, 0.0, 0.0, 0.0, 0.0, 0.0, 0.0, 0.0, 0.0]","[9, 22]"
kdv,400×601,0.2,54.89147646864822,2,WENDy HT,1.000000000000007,1.0,True,False,0,2,2,0.0,0.0,0.0,0.0,False,IRLS iteration limit,300,484.7209452090028,484.83996908398694,"[0.0, 0.0, 0.0, 0.0, 0.0, 0.0, 0.0, 0.0, 0.0, 0.0, 0.0, 0.0, 0.0, 0.0, 0.0, 0.0, 0.0, 0.0, -1.3327088440318486e-07, 6.247665667526677e-11, 0.0, 0.0, 0.0, 0.0, 0.0, 0.0, 0.0, 0.0, 0.0, 0.0, 0.0, 0.0, 0.0, 0.0, 0.0, 0.0, 0.0, 0.0, 0.0, 0.0, 0.0, 0.0, 0.0, 0.0, 0.0, 0.0, 0.0, 0.0, 0.0]","[18, 19]"
kdv,400×601,0.2,54.89147646864822,2,WENDy L1=1e-06,17.01048527928057,0.06286724907030194,True,False,2,27,0,0.06896551724137931,1.0,0.12903225806451613,0.06896551724137931,True,IRLS step tolerance,296,482.8081729999976,482.92719687498175,"[17.934070103846594, 3.4808285638397223, 0.0, -8.497282567183644e-06, 0.0, 0.0, 1.4268242617404516e-15, 0.0, -5.276651672225897, -0.49342310776805365, 0.0, 0.0, 0.0, -4.838183885419096e-16, 0.0, -0.31885633327966145, 0.0002184678855912568, 1.0015821103203586e-07, 0.0, 0.0, -3.497996420965757e-17, 0.0, -1.062867249070302, -7.914768761563342e-05, 1.8394755265610231e-07, 0.0, 0.0, -2.6821199123954915e-17, 0.0, -0.0021058760163492453, 1.1118089749587702e-06, 3.2774773960761617e-10, 0.0, 0.0, -1.4497350557973373e-19, 0.0, -0.0012444515332442263, 3.0136041897854737e-06, -3.889535231899539e-09, 2.075666184893723e-12, 0.0, -2.117220261552258e-19, 0.0, -2.6317340451243164e-06, -1.5202915345152974e-09, 4.0162042119614095e-12, 0.0, -2.3055061675461175e-18, 7.509706407134772e-22]","[0, 1, 3, 6, 8, 9, 13, 15, 16, 17, 20, 22, 23, 24, 27, 29, 30, 31, 34, 36, 37, 38, 39, 41, 43, 44, 45, 47, 48]"
kdv,400×601,0.2,54.89147646864822,2,WENDy L1=0.0001,454.69574293269204,0.16223261309572523,True,False,2,35,0,0.05405405405405406,1.0,0.10256410256410256,0.05405405405405406,False,L1 subproblem: STOP: TOTAL NO. OF ITERATIONS REACHED LIMIT,1,3.4946748340153135,3.6136987089994363,"[-508.150998910384, -10.826142264986473, 0.021966654646473703, -2.8547160355456847e-06, 0.0, 0.0, -6.10107345306303e-16, 0.0, -9.974291480321185, -0.4795058986135058, -1.035274097474094e-05, 0.0, 0.0, 0.0, 0.0, 1.0517324287710856, 4.406413523578063e-05, 4.379185432600165e-09, 1.6454881730320051e-13, 0.0, 5.081757820490497e-17, 0.0, -1.1622326130957252, 0.00017064551082071855, -6.035245207087269e-10, -3.768375622433989e-13, -4.492770265886926e-14, 9.141380660205029e-19, 0.0, 0.10180981236959108, -7.499577912213266e-05, -6.158260042600003e-08, 1.845271661572894e-11, 8.26041423540502e-14, -3.768287104448724e-17, 0.0, -0.0056779158144780704, 1.1349825891473547e-05, -5.11687418218568e-10, -1.6734865145909743e-11, 1.2482250432685489e-14, -2.4894925960676562e-18, 0.0, 0.0005618376038487926, -3.9664919738046274e-07, -4.1958120614407796e-10, 1.0723481016886295e-13, 4.970686455138388e-16, -2.2388039444927993e-19]","[0, 1, 2, 3, 6, 8, 9, 10, 15, 16, 17, 18, 20, 22, 23, 24, 25, 26, 27, 29, 30, 31, 32, 33, 34, 36, 37, 38, 39, 40, 41, 43, 44, 45, 46, 47, 48]"
kdv,400×601,0.2,54.89147646864822,2,WENDy L1=0.01,555.2880695932535,1.0,True,False,1,5,1,0.16666666666666666,0.5,0.25,0.14285714285714285,True,IRLS step tolerance,29,48.27940441601095,48.39842829099507,"[-620.3485981931165, -0.05402375064517837, 0.0, 0.0, 0.0, 0.0, 0.0, 0.0, -24.44705154668016, -0.42415871208501044, 0.0, 0.0, 0.0, 0.0, 0.0, 0.0, 0.0, 0.0, 0.0, 0.0, 0.0, 0.0, 0.0, 0.0, 0.0, 0.0, 0.0, 0.0, 0.0, 0.0, 0.0, 0.0, 0.0, 0.0, 0.0, 0.0, 0.0032855982412390698, 0.0, 0.0, 0.0, -1.0023905192984918e-16, 0.0, 0.0, 0.0, 0.0, 0.0, 0.0, 0.0, 0.0]","[0, 1, 8, 9, 36, 40]"
kdv,400×601,0.2,54.89147646864822,2,WENDy-MLE HT,1.0000000000013114,1.0,True,False,0,2,2,0.0,0.0,0.0,0.0,False,Desired error not necessarily achieved due to precision loss.,255,1319.7942077920015,1319.9132316669857,"[0.0, 0.0, 0.0, 0.0, 0.0, 0.0, 0.0, 0.0, 0.0, 0.0, 0.0, 1.7965877527475156e-06, 0.0, 0.0, 0.0, 0.0, 0.0, 0.0, -2.2545462901881166e-07, 0.0, 0.0, 0.0, 0.0, 0.0, 0.0, 0.0, 0.0, 0.0, 0.0, 0.0, 0.0, 0.0, 0.0, 0.0, 0.0, 0.0, 0.0, 0.0, 0.0, 0.0, 0.0, 0.0, 0.0, 0.0, 0.0, 0.0, 0.0, 0.0, 0.0]","[11, 18]"
kdv,400×601,0.2,54.89147646864822,2,WENDy-MLE L1=1e-06,2663.1577212169254,0.7560872877667713,True,False,2,41,0,0.046511627906976744,1.0,0.08888888888888889,0.046511627906976744,False,STOP: TOTAL NO. OF ITERATIONS REACHED LIMIT,300,1577.473858500016,1577.592882375,"[2977.3512156682164, -13.046124563980372, -0.9028990623809333, 0.0038539175909373716, -5.339474303521784e-06, 2.967156845251409e-09, -5.724399364217783e-13, 0.0, 26.827649295381097, -0.8780436438833856, 0.0012954822930547618, -1.8070614576143484e-06, 1.0876416849730547e-09, -2.3382775676371525e-13, 0.0, -0.21174093503245753, -0.06380543052154503, 0.0002652301132931285, -3.79591637671884e-07, 2.2387484507704344e-10, -4.657967149278122e-14, 0.0, -0.6765183556905353, -0.007817922957883005, 2.9621362074145985e-05, -4.253381852324345e-08, 2.579911389275265e-11, -5.554522413871495e-15, 0.0, -0.11287625468198423, 0.00013783378227836518, 7.774058568853405e-07, -1.8540327491605609e-09, 1.3444782199077513e-12, -3.155894527690292e-16, 0.0, -0.003725573084000143, 9.55253721437682e-06, 1.1867263958522235e-08, -4.9947085301452904e-11, 4.194177983325732e-14, -1.0630936650578322e-17, 0.0, -0.0008269435693613256, 3.2953277584201967e-06, -4.169023253879351e-09, 8.977377618217558e-13, 1.1173700166470458e-15, -4.5503961596790365e-19]","[0, 1, 2, 3, 4, 5, 6, 8, 9, 10, 11, 12, 13, 15, 16, 17, 18, 19, 20, 22, 23, 24, 25, 26, 27, 29, 30, 31, 32, 33, 34, 36, 37, 38, 39, 40, 41, 43, 44, 45, 46, 47, 48]"
kdv,400×601,0.2,54.89147646864822,2,WENDy-MLE L1=0.0001,1652.013939106022,0.7857542454449327,True,False,2,41,0,0.046511627906976744,1.0,0.08888888888888889,0.046511627906976744,False,STOP: TOTAL NO. OF ITERATIONS REACHED LIMIT,300,1697.6521359999897,1697.7711598749738,"[-1745.06215235664, -557.0937713919867, 1.4383655906829245, -0.0006040862877696108, 4.329159331416492e-08, -1.0263907904559048e-10, 9.499735832982936e-15, 0.0, -236.25289100073786, -0.1071228772775337, 8.26401945168755e-06, 8.795291137473519e-09, 2.249010447238492e-11, -7.591924990059959e-14, 0.0, 4.905417438747069, -0.012257220863648404, -2.1667388797227813e-06, 3.567696951713252e-09, -1.456517680260376e-14, 7.619524283346047e-18, 0.0, -1.451335917458784, 0.0007041485009872564, 1.5535486693410375e-05, -2.932605761770085e-08, 1.773500251125832e-11, -3.5045261954802957e-15, 0.0, -0.511425014534088, 0.0013556019287321878, -4.6473243484436807e-07, -1.8401347001754516e-09, 1.2330381134195507e-12, -8.444737829250512e-17, 0.0, 0.052277734926210594, -5.342794778184773e-05, 1.0650629400165006e-08, -4.6564060107604394e-11, 3.721648330308954e-14, -3.7348791933260846e-18, 0.0, -0.004403359687807263, 5.787871162776872e-06, -1.2399105431841185e-09, 6.076023135907334e-13, 2.9172446491220296e-16, -7.48750076085499e-19]","[0, 1, 2, 3, 4, 5, 6, 8, 9, 10, 11, 12, 13, 15, 16, 17, 18, 19, 20, 22, 23, 24, 25, 26, 27, 29, 30, 31, 32, 33, 34, 36, 37, 38, 39, 40, 41, 43, 44, 45, 46, 47, 48]"
kdv,400×601,0.2,54.89147646864822,2,WENDy-MLE L1=0.01,514.0871267995193,1.0,True,False,1,5,1,0.16666666666666666,0.5,0.25,0.14285714285714285,True,CONVERGENCE: RELATIVE REDUCTION OF F <= FACTR*EPSMCH,258,2088.8682906670147,2088.987314541999,"[-574.1752287190005, 0.0, 0.0, 0.0, 0.0, 0.0, 0.0, 0.0, -26.053104155797023, -0.40047893203141244, 0.0, 0.0, 0.0, -3.183724642454882e-15, 0.0, 0.0, 0.0, 0.0, 0.0, 0.0, 0.0, 0.0, 0.0, 0.0, 0.0, 0.0, 0.0, 0.0, 0.0, 0.0, 0.0, 0.0, 0.0, 0.0, 0.0, 0.0, 0.0033345042751767697, 0.0, 0.0, -1.7325394407472668e-13, 0.0, 0.0, 0.0, 0.0, 0.0, 0.0, 0.0, 0.0, 0.0]","[0, 8, 9, 13, 36, 39]"
