name,noise_ratio,trials,exact_count,exact_rate,exact_ci95_low,exact_ci95_high,subset_support_rate,method,tpr_mean,tpr_sd,tpr_median,tpr_p90,e_inf_mean,e_inf_sd,e_inf_median,e_inf_p90,e2_mean,e2_sd,e2_median,e2_p90,runtime_mean,runtime_sd,runtime_median,runtime_p90,threshold_mean,threshold_sd,threshold_median,threshold_p90,lasso_ratio_min,lasso_lambda_min,lasso_ratio_median,lasso_lambda_median,lasso_ratio_max,lasso_lambda_max
HKS,0.0,100,0,0.0,3.469446951953614e-18,0.03699349820698568,0.0,wsindy,0.375,0.0,0.375,0.375,1.0,0.0,1.0,1.0,0.7561394905349327,1.1158161231197418e-16,0.7561394905349326,0.7561394905349326,0.05876665830030106,0.05134641838733929,0.049535041966009885,0.07044829134829346,0.007220809018385471,0.0,0.007220809018385471,0.007220809018385471,0.007220809018385471,"{""u"": 0.006203486995493624}",0.007220809018385471,"{""u"": 0.006203486995493624}",0.007220809018385471,"{""u"": 0.006203486995493624}"
HKS,0.2,100,0,0.0,3.469446951953614e-18,0.03699349820698568,0.0,wsindy,0.34529761904761896,0.04561344047661534,0.3333333333333333,0.4,1.0,0.0,1.0,1.0,0.8690247319252903,0.03388085776745067,0.8795158515269478,0.8932867744274285,0.050671909586526453,0.011415379406248986,0.0487598535255529,0.06768127887044102,0.031039449390471822,0.010504949575997166,0.03199267137797385,0.04229242874389499,0.005994842503189409,"{""u"": 0.005136352971524464}",0.03199267137797385,"{""u"": 0.027156253025652097}",0.055908101825122285,"{""u"": 0.04777800767388268}"
HKS,0.5,100,0,0.0,3.469446951953614e-18,0.03699349820698568,0.0,wsindy,0.3428769841269842,0.04931291941819881,0.3333333333333333,0.4,1.0,0.0,1.0,1.0,0.8706653508715061,0.02322131253958124,0.8696620646372839,0.9041573565971969,0.05509328787913546,0.009477883500613422,0.0534628335153684,0.06847486674087122,0.04475068486661,0.010824934608680725,0.04229242874389499,0.061359072734131756,0.024201282647943835,"{""u"": 0.019910483887600396}",0.04229242874389499,"{""u"": 0.034989397506327874}",0.07390722033525783,"{""u"": 0.060075801106006466}"
HKS,0.75,100,0,0.0,3.469446951953614e-18,0.03699349820698568,0.0,wsindy,0.32475000000000004,0.059488516472991686,0.3333333333333333,0.4,1.0,0.0,1.0,1.0,0.86543039750447,0.03190994268178802,0.8616222007695373,0.9035641243067101,0.06029624211485498,0.010536457715287897,0.05964466655859724,0.0734653284191154,0.05759082484673131,0.012940729977350294,0.055908101825122285,0.07390722033525783,0.03511191734215135,"{""u"": 0.026837446698444005}",0.055908101825122285,"{""u"": 0.043049629213994176}",0.08902150854450393,"{""u"": 0.06899557635823132}"
HKS,1.0,100,0,0.0,3.469446951953614e-18,0.03699349820698568,0.02,wsindy,0.31351587301587297,0.06511430204858568,0.3333333333333333,0.4,1.0,0.0,1.0,1.0,0.8477476490205446,0.03405512045060531,0.8458743340883352,0.892276638497757,0.058869809590978546,0.009308459269291068,0.058143750473391265,0.06957384130218998,0.07165127440175001,0.01799807271208585,0.06734150657750829,0.09770099572992257,0.03511191734215135,"{""u"": 0.02376195097125843}",0.06734150657750829,"{""u"": 0.04772539966504041}",0.1291549665014884,"{""u"": 0.08828139598284293}"
VBG,0.0,100,0,0.0,3.469446951953614e-18,0.03699349820698568,0.0,wsindy,0.22222222222222224,2.7895403077993544e-17,0.2222222222222222,0.2222222222222222,1.0,0.0,1.0,1.0,0.9369325388965773,3.3474483693592255e-16,0.9369325388965777,0.9369325388965777,0.10285715671954676,0.012310080099949872,0.1021718125557527,0.11903350419597701,0.007220809018385471,0.0,0.007220809018385471,0.007220809018385471,0.007220809018385471,"{""u"": 0.006523899203580781}",0.007220809018385471,"{""u"": 0.006523899203580781}",0.007220809018385471,"{""u"": 0.006523899203580781}"
VBG,0.2,100,0,0.0,3.469446951953614e-18,0.03699349820698568,0.0,wsindy,0.22222222222222224,2.7895403077993544e-17,0.2222222222222222,0.2222222222222222,1.0,0.0,1.0,1.0,0.9356298396430115,0.0019823650295225474,0.9356766423008862,0.9380845841052594,0.10689311130321584,0.009626699083059912,0.1064064585370943,0.1185910164145753,0.009561799465253713,0.0012347276998296538,0.009545484566618348,0.011497569953977368,0.006579332246575682,"{""u"": 0.005929535502790209}",0.009545484566618348,"{""u"": 0.008613500672525774}",0.013848863713938732,"{""u"": 0.012491309662734946}"
VBG,0.5,100,0,0.0,3.469446951953614e-18,0.03699349820698568,0.0,wsindy,0.21249494949494951,0.013082684084522903,0.2222222222222222,0.2222222222222222,1.0,0.0,1.0,1.0,0.9326253690136044,0.0089074539717313,0.9308322237961953,0.9461861457556444,0.115349805818405,0.013154641288212431,0.11496866651577875,0.1294728912995197,0.017363313496001634,0.005454190516488457,0.018307382802953697,0.022266304923921815,0.005994842503189409,"{""u"": 0.005383267606335287}",0.018307382802953697,"{""u"": 0.016428767006688934}",0.03199267137797385,"{""u"": 0.028700845301071764}"
VBG,0.75,100,0,0.0,3.469446951953614e-18,0.03699349820698568,0.0,wsindy,0.20695454545454545,0.0186213101456903,0.2,0.2222222222222222,1.0,0.0,1.0,1.0,0.9330572481409508,0.014170319854385343,0.9321055031687475,0.9516681482409035,0.11229467416880652,0.011714796751488376,0.11046339554013684,0.1289869285305031,0.02456885688655026,0.011076380497414617,0.024201282647943835,0.03511191734215135,0.009545484566618348,"{""u"": 0.008505975269131277}",0.024201282647943835,"{""u"": 0.02143544182684666}",0.061359072734131756,"{""u"": 0.05456933524668032}"
VBG,1.0,100,0,0.0,3.469446951953614e-18,0.03699349820698568,0.0,wsindy,0.2250836940836941,0.03422849334623243,0.2222222222222222,0.2857142857142857,1.0,0.0,1.0,1.0,0.9250978562984845,0.024103153265738732,0.9165635967614465,0.9596321029821849,0.11764132337411866,0.012655188282204011,0.11604316649027169,0.1367047122097574,0.03849903921240427,0.020926619217396903,0.03853528593710531,0.06734150657750829,0.005994842503189409,"{""u"": 0.0052474527465141895}",0.03853528593710531,"{""u"": 0.03362798908766641}",0.08902150854450393,"{""u"": 0.07792732948774667}"
